SiteName,StationName,SampleDate_D,SampleTypeCode,SampleMatrix,SampleTop,SampleBottom,DepthUnits,DuplicateSample,Extracted,FieldSampleID,LabSampleID,AltSampleID,CoolerID,Sampler,Description,WeightVolume,SampleMethodCode,LogCode,COCNumber,DeliveryGroup,AmbientBlankLot,EquipmentBlankLot,TripBlankLot,FilteredSample,QCSequenceID,QCSampleCode,TaskNumber,PrimarySample,SampleResult,ParameterName,CASNumber,AltParamNumber,Superseded,AnalyticMethod,Value,ReportingUnits,FlagCode,ProblemCode,ValidationCode,DetectedResult,Detect,LimitType,Detect2,LimitType2,Detect3,LimitType3,SpikeAmount,RetentionTime,Error,DilutionFactor,Basis,FilteredAnalysis,LeachMethod,PrepMethod,PreparationLot,ReportableResult,AnalDate_D,ExtractDate_D,LabReportDate_D,LabRecvDate_D,Lab,LabComments,AnalysisLabID,AnalyticalBatch,ValueCode,RunCode,QCAnalysisCode,AnalysisGroup
"Montclair Department of Utilities, 54 Watchung Ave",MW-3,9/26/2018,z,Water,0,0,ft,1,Y,MW-3,JC74642-1,,,CW,,,z,,,JC74642,,,,TOT,,NQ,,,,"1,4-Dioxane",123-91-1,,0,SW846 8270D BY SIM,0.1,ug/l,u,z,z,n,0.1,RL,0.051,MDL,,,,,,1,n,TOT,,SW846 3510C,OP15553A,,10/12/2018,10/2/2018,10/12/2018,9/26/2018,ACTD,,SJ24105724,OP15553A,O,OR,TAR,
"Montclair Department of Utilities, 54 Watchung Ave",MW-3,9/26/2018,z,Water,0,0,ft,1,Y,MW-3,JC74642-1,,,CW,,,z,,,JC74642,,,,TOT,,NQ,,,,Terphenyl-d14,1718-51-0,,0,SW846 8270D BY SIM,83,%,v,z,z,y,,,,,,,,11.17,,1,n,TOT,,SW846 3510C,OP15553A,,10/12/2018,10/2/2018,10/12/2018,9/26/2018,ACTD,,SJ24105724,OP15553A,O,OR,SUR,
"Montclair Department of Utilities, 54 Watchung Ave",MW-3,9/26/2018,z,Water,0,0,ft,1,Y,MW-3,JC74642-1,,,CW,,,z,,,JC74642,,,,TOT,,NQ,,,,2-Fluorobiphenyl,321-60-8,,0,SW846 8270D BY SIM,68,%,v,z,z,y,,,,,,,,7.47,,1,n,TOT,,SW846 3510C,OP15553A,,10/12/2018,10/2/2018,10/12/2018,9/26/2018,ACTD,,SJ24105724,OP15553A,O,OR,SUR,
"Montclair Department of Utilities, 54 Watchung Ave",MW-3,9/26/2018,z,Water,0,0,ft,1,Y,MW-3,JC74642-1,,,CW,,,z,,,JC74642,,,,TOT,,NQ,,,,Nitrobenzene-d5,4165-60-0,,0,SW846 8270D BY SIM,94,%,v,z,z,y,,,,,,,,5.71,,1,n,TOT,,SW846 3510C,OP15553A,,10/12/2018,10/2/2018,10/12/2018,9/26/2018,ACTD,,SJ24105724,OP15553A,O,OR,SUR,
"Montclair Department of Utilities, 54 Watchung Ave",MW-3,9/26/2018,z,Water,0,0,ft,1,N,MW-3,JC74642-1,,,CW,,,z,,,JC74642,,,,TOT,,NQ,,,,"Total TIC, Volatile",,,0,SW846 8260C,0,ug/l,v,z,z,y,,,,,,,,,,1,n,TOT,,,MS29572,,9/28/2018,,10/12/2018,9/26/2018,ACTD,,SJ24058492,V2B7347,O,OR,TIC,
"Montclair Department of Utilities, 54 Watchung Ave",MW-3,9/26/2018,z,Water,0,0,ft,1,N,MW-3,JC74642-1,,,CW,,,z,,,JC74642,,,,TOT,,NQ,,,,Total Alkanes,,,0,SW846 8260C,0,ug/l,v,z,z,y,,,,,,,,,,1,n,TOT,,,MS29572,,9/28/2018,,10/12/2018,9/26/2018,ACTD,,SJ24058492,V2B7347,O,OR,TIC,
"Montclair Department of Utilities, 54 Watchung Ave",MW-3,9/26/2018,z,Water,0,0,ft,1,Y,MW-3,JC74642-1,,,CW,,,z,,,JC74642,,,,TOT,,NQ,,,,2-Bromo-1-chloropropane,3017-95-6,,0,SW846-8011,101,%,v,z,z,y,,,,,,,,2.51,,1,n,TOT,,SW846 8011,OP15605,,10/4/2018,10/4/2018,10/12/2018,9/26/2018,ACTD,,SJ24095007,OP15605,O,1C,SUR,
"Montclair Department of Utilities, 54 Watchung Ave",MW-3,9/26/2018,z,Water,0,0,ft,1,Y,MW-3,JC74642-1,,,CW,,,z,,,JC74642,,,,TOT,,NQ,,,,2-Bromo-1-chloropropane,3017-95-6,,0,SW846-8011,97,%,v,z,z,y,,,,,,,,2.92,,1,n,TOT,,SW846 8011,OP15605,,10/4/2018,10/4/2018,10/12/2018,9/26/2018,ACTD,,SJ24095007,OP15605,O,2C,SUR,
"Montclair Department of Utilities, 54 Watchung Ave",MW-3,9/26/2018,z,Water,0,0,ft,1,Y,MW-3,JC74642-1,,,CW,,,z,,,JC74642,,,,TOT,,NQ,,,,Ethylene dibromide,106-93-4,,0,SW846-8011,0.02,ug/l,u,z,z,n,0.02,RL,0.0053,MDL,,,,,,1,n,TOT,,SW846 8011,OP15605,,10/4/2018,10/4/2018,10/12/2018,9/26/2018,ACTD,,SJ24095007,OP15605,O,OR,TAR,
"Montclair Department of Utilities, 54 Watchung Ave",MW-3,9/26/2018,z,Water,0,0,ft,1,Y,MW-3,JC74642-1,,,CW,,,z,,,JC74642,,,,TOT,,NQ,,,,"1,2-Dibromo-3-chloropropane",96-12-8,,0,SW846-8011,0.02,ug/l,u,z,z,n,0.02,RL,0.0087,MDL,,,,,,1,n,TOT,,SW846 8011,OP15605,,10/4/2018,10/4/2018,10/12/2018,9/26/2018,ACTD,,SJ24095007,OP15605,O,OR,TAR,
"Montclair Department of Utilities, 54 Watchung Ave",MW-3,9/26/2018,z,Water,0,0,ft,1,N,MW-3,JC74642-1,,,CW,,,z,,,JC74642,,,,TOT,,NQ,,,,Vinyl chloride,75-01-4,,0,SW846 8260C,1,ug/l,u,z,z,n,1,RL,0.79,MDL,,,,,,1,n,TOT,,,MS29572,,9/28/2018,,10/12/2018,9/26/2018,ACTD,,SJ24058491,V2B7347,O,OR,TAR,
"Montclair Department of Utilities, 54 Watchung Ave",MW-3,9/26/2018,z,Water,0,0,ft,1,N,MW-3,JC74642-1,,,CW,,,z,,,JC74642,,,,TOT,,NQ,,,,"1,1-Dichloroethane",75-34-3,,0,SW846 8260C,1,ug/l,u,z,z,n,1,RL,0.57,MDL,,,,,,1,n,TOT,,,MS29572,,9/28/2018,,10/12/2018,9/26/2018,ACTD,,SJ24058491,V2B7347,O,OR,TAR,
"Montclair Department of Utilities, 54 Watchung Ave",MW-3,9/26/2018,z,Water,0,0,ft,1,N,MW-3,JC74642-1,,,CW,,,z,,,JC74642,,,,TOT,,NQ,,,,Bromodichloromethane,75-27-4,,0,SW846 8260C,1,ug/l,u,z,z,n,1,RL,0.58,MDL,,,,,,1,n,TOT,,,MS29572,,9/28/2018,,10/12/2018,9/26/2018,ACTD,,SJ24058491,V2B7347,O,OR,TAR,
"Montclair Department of Utilities, 54 Watchung Ave",MW-3,9/26/2018,z,Water,0,0,ft,1,N,MW-3,JC74642-1,,,CW,,,z,,,JC74642,,,,TOT,,NQ,,,,Bromoform,75-25-2,,0,SW846 8260C,1,ug/l,u,z,z,n,1,RL,0.63,MDL,,,,,,1,n,TOT,,,MS29572,,9/28/2018,,10/12/2018,9/26/2018,ACTD,,SJ24058491,V2B7347,O,OR,TAR,
"Montclair Department of Utilities, 54 Watchung Ave",MW-3,9/26/2018,z,Water,0,0,ft,1,N,MW-3,JC74642-1,,,CW,,,z,,,JC74642,,,,TOT,,NQ,,,,Carbon disulfide,75-15-0,,0,SW846 8260C,2,ug/l,u,z,z,n,2,RL,0.95,MDL,,,,,,1,n,TOT,,,MS29572,,9/28/2018,,10/12/2018,9/26/2018,ACTD,,SJ24058491,V2B7347,O,OR,TAR,
"Montclair Department of Utilities, 54 Watchung Ave",MW-3,9/26/2018,z,Water,0,0,ft,1,N,MW-3,JC74642-1,,,CW,,,z,,,JC74642,,,,TOT,,NQ,,,,Methylene chloride,75-09-2,,0,SW846 8260C,2,ug/l,u,z,z,n,2,RL,1,MDL,,,,,,1,n,TOT,,,MS29572,,9/28/2018,,10/12/2018,9/26/2018,ACTD,,SJ24058491,V2B7347,O,OR,TAR,
"Montclair Department of Utilities, 54 Watchung Ave",MW-3,9/26/2018,z,Water,0,0,ft,1,N,MW-3,JC74642-1,,,CW,,,z,,,JC74642,,,,TOT,,NQ,,,,Chloroethane,75-00-3,,0,SW846 8260C,1,ug/l,u,z,z,n,1,RL,0.73,MDL,,,,,,1,n,TOT,,,MS29572,,9/28/2018,,10/12/2018,9/26/2018,ACTD,,SJ24058491,V2B7347,O,OR,TAR,
"Montclair Department of Utilities, 54 Watchung Ave",MW-3,9/26/2018,z,Water,0,0,ft,1,N,MW-3,JC74642-1,,,CW,,,z,,,JC74642,,,,TOT,,NQ,,,,Bromochloromethane,74-97-5,,0,SW846 8260C,1,ug/l,u,z,z,n,1,RL,0.48,MDL,,,,,,1,n,TOT,,,MS29572,,9/28/2018,,10/12/2018,9/26/2018,ACTD,,SJ24058491,V2B7347,O,OR,TAR,
"Montclair Department of Utilities, 54 Watchung Ave",MW-3,9/26/2018,z,Water,0,0,ft,1,N,MW-3,JC74642-1,,,CW,,,z,,,JC74642,,,,TOT,,NQ,,,,Chloromethane,74-87-3,,0,SW846 8260C,1,ug/l,u,z,z,n,1,RL,0.76,MDL,,,,,,1,n,TOT,,,MS29572,,9/28/2018,,10/12/2018,9/26/2018,ACTD,,SJ24058491,V2B7347,O,OR,TAR,
"Montclair Department of Utilities, 54 Watchung Ave",MW-3,9/26/2018,z,Water,0,0,ft,1,N,MW-3,JC74642-1,,,CW,,,z,,,JC74642,,,,TOT,,NQ,,,,Trichlorofluoromethane,75-69-4,,0,SW846 8260C,2,ug/l,u,z,z,n,2,RL,0.84,MDL,,,,,,1,n,TOT,,,MS29572,,9/28/2018,,10/12/2018,9/26/2018,ACTD,,SJ24058491,V2B7347,O,OR,TAR,
"Montclair Department of Utilities, 54 Watchung Ave",MW-3,9/26/2018,z,Water,0,0,ft,1,N,MW-3,JC74642-1,,,CW,,,z,,,JC74642,,,,TOT,,NQ,,,,"1,1,1-Trichloroethane",71-55-6,,0,SW846 8260C,1,ug/l,u,z,z,n,1,RL,0.54,MDL,,,,,,1,n,TOT,,,MS29572,,9/28/2018,,10/12/2018,9/26/2018,ACTD,,SJ24058491,V2B7347,O,OR,TAR,
"Montclair Department of Utilities, 54 Watchung Ave",MW-3,9/26/2018,z,Water,0,0,ft,1,N,MW-3,JC74642-1,,,CW,,,z,,,JC74642,,,,TOT,,NQ,,,,Methyl Acetate,79-20-9,,0,SW846 8260C,5,ug/l,u,z,z,n,5,RL,0.8,MDL,,,,,,1,n,TOT,,,MS29572,,9/28/2018,,10/12/2018,9/26/2018,ACTD,,SJ24058491,V2B7347,O,OR,TAR,
"Montclair Department of Utilities, 54 Watchung Ave",MW-3,9/26/2018,z,Water,0,0,ft,1,N,MW-3,JC74642-1,,,CW,,,z,,,JC74642,,,,TOT,,NQ,,,,Bromomethane,74-83-9,,0,SW846 8260C,2,ug/l,u,z,z,n,2,RL,1.6,MDL,,,,,,1,n,TOT,,,MS29572,,9/28/2018,,10/12/2018,9/26/2018,ACTD,,SJ24058491,V2B7347,O,OR,TAR,
"Montclair Department of Utilities, 54 Watchung Ave",MW-3,9/26/2018,z,Water,0,0,ft,1,N,MW-3,JC74642-1,,,CW,,,z,,,JC74642,,,,TOT,,NQ,,,,"1,1,2-Trichlorotrifluoroethane",76-13-1,,0,SW846 8260C,5,ug/l,u,z,z,n,5,RL,1.9,MDL,,,,,,1,n,TOT,,,MS29572,,9/28/2018,,10/12/2018,9/26/2018,ACTD,,SJ24058491,V2B7347,O,OR,TAR,
"Montclair Department of Utilities, 54 Watchung Ave",MW-3,9/26/2018,z,Water,0,0,ft,1,N,MW-3,JC74642-1,,,CW,,,z,,,JC74642,,,,TOT,,NQ,,,,"1,2-Dichloropropane",78-87-5,,0,SW846 8260C,1,ug/l,u,z,z,n,1,RL,0.51,MDL,,,,,,1,n,TOT,,,MS29572,,9/28/2018,,10/12/2018,9/26/2018,ACTD,,SJ24058491,V2B7347,O,OR,TAR,
"Montclair Department of Utilities, 54 Watchung Ave",MW-3,9/26/2018,z,Water,0,0,ft,1,N,MW-3,JC74642-1,,,CW,,,z,,,JC74642,,,,TOT,,NQ,,,,Methyl ethyl ketone,78-93-3,,0,SW846 8260C,10,ug/l,u,z,z,n,10,RL,6.9,MDL,,,,,,1,n,TOT,,,MS29572,,9/28/2018,,10/12/2018,9/26/2018,ACTD,,SJ24058491,V2B7347,O,OR,TAR,
"Montclair Department of Utilities, 54 Watchung Ave",MW-3,9/26/2018,z,Water,0,0,ft,1,N,MW-3,JC74642-1,,,CW,,,z,,,JC74642,,,,TOT,,NQ,,,,Benzene,71-43-2,,0,SW846 8260C,0.5,ug/l,u,z,z,n,0.5,RL,0.43,MDL,,,,,,1,n,TOT,,,MS29572,,9/28/2018,,10/12/2018,9/26/2018,ACTD,,SJ24058491,V2B7347,O,OR,TAR,
"Montclair Department of Utilities, 54 Watchung Ave",MW-3,9/26/2018,z,Water,0,0,ft,1,N,MW-3,JC74642-1,,,CW,,,z,,,JC74642,,,,TOT,,NQ,,,,Trichloroethene,79-01-6,,0,SW846 8260C,1,ug/l,u,z,z,n,1,RL,0.53,MDL,,,,,,1,n,TOT,,,MS29572,,9/28/2018,,10/12/2018,9/26/2018,ACTD,,SJ24058491,V2B7347,O,OR,TAR,
"Montclair Department of Utilities, 54 Watchung Ave",MW-3,9/26/2018,z,Water,0,0,ft,1,N,MW-3,JC74642-1,,,CW,,,z,,,JC74642,,,,TOT,,NQ,,,,"1,1-Dichloroethene",75-35-4,,0,SW846 8260C,1,ug/l,u,z,z,n,1,RL,0.59,MDL,,,,,,1,n,TOT,,,MS29572,,9/28/2018,,10/12/2018,9/26/2018,ACTD,,SJ24058491,V2B7347,O,OR,TAR,
"Montclair Department of Utilities, 54 Watchung Ave",MW-3,9/26/2018,z,Water,0,0,ft,1,N,MW-3,JC74642-1,,,CW,,,z,,,JC74642,,,,TOT,,NQ,,,,"1,1,2,2-Tetrachloroethane",79-34-5,,0,SW846 8260C,1,ug/l,u,z,z,n,1,RL,0.65,MDL,,,,,,1,n,TOT,,,MS29572,,9/28/2018,,10/12/2018,9/26/2018,ACTD,,SJ24058491,V2B7347,O,OR,TAR,
"Montclair Department of Utilities, 54 Watchung Ave",MW-3,9/26/2018,z,Water,0,0,ft,1,N,MW-3,JC74642-1,,,CW,,,z,,,JC74642,,,,TOT,,NQ,,,,"1,2,3-Trichlorobenzene",87-61-6,,0,SW846 8260C,1,ug/l,u,z,z,n,1,RL,0.5,MDL,,,,,,1,n,TOT,,,MS29572,,9/28/2018,,10/12/2018,9/26/2018,ACTD,,SJ24058491,V2B7347,O,OR,TAR,
"Montclair Department of Utilities, 54 Watchung Ave",MW-3,9/26/2018,z,Water,0,0,ft,1,N,MW-3,JC74642-1,,,CW,,,z,,,JC74642,,,,TOT,,NQ,,,,o-Xylene,95-47-6,,0,SW846 8260C,1,ug/l,u,z,z,n,1,RL,0.59,MDL,,,,,,1,n,TOT,,,MS29572,,9/28/2018,,10/12/2018,9/26/2018,ACTD,,SJ24058491,V2B7347,O,OR,TAR,
"Montclair Department of Utilities, 54 Watchung Ave",MW-3,9/26/2018,z,Water,0,0,ft,1,N,MW-3,JC74642-1,,,CW,,,z,,,JC74642,,,,TOT,,NQ,,,,"1,2-Dichlorobenzene (VOA)",95-50-1,,0,SW846 8260C,1,ug/l,u,z,z,n,1,RL,0.53,MDL,,,,,,1,n,TOT,,,MS29572,,9/28/2018,,10/12/2018,9/26/2018,ACTD,,SJ24058491,V2B7347,O,OR,TAR,
"Montclair Department of Utilities, 54 Watchung Ave",MW-3,9/26/2018,z,Water,0,0,ft,1,N,MW-3,JC74642-1,,,CW,,,z,,,JC74642,,,,TOT,,NQ,,,,Isopropyl benzene,98-82-8,,0,SW846 8260C,1,ug/l,u,z,z,n,1,RL,0.65,MDL,,,,,,1,n,TOT,,,MS29572,,9/28/2018,,10/12/2018,9/26/2018,ACTD,,SJ24058491,V2B7347,O,OR,TAR,
"Montclair Department of Utilities, 54 Watchung Ave",MW-3,9/26/2018,z,Water,0,0,ft,1,N,MW-3,JC74642-1,,,CW,,,z,,,JC74642,,,,TOT,,NQ,,,,m&p-Xylenes,,,0,SW846 8260C,1,ug/l,u,z,z,n,1,RL,0.78,MDL,,,,,,1,n,TOT,,,MS29572,,9/28/2018,,10/12/2018,9/26/2018,ACTD,,SJ24058491,V2B7347,O,OR,TAR,
"Montclair Department of Utilities, 54 Watchung Ave",MW-3,9/26/2018,z,Water,0,0,ft,1,N,MW-3,JC74642-1,,,CW,,,z,,,JC74642,,,,TOT,,NQ,,,,"1,1,2-Trichloroethane",79-00-5,,0,SW846 8260C,1,ug/l,u,z,z,n,1,RL,0.53,MDL,,,,,,1,n,TOT,,,MS29572,,9/28/2018,,10/12/2018,9/26/2018,ACTD,,SJ24058491,V2B7347,O,OR,TAR,
"Montclair Department of Utilities, 54 Watchung Ave",MW-3,9/26/2018,z,Water,0,0,ft,1,N,MW-3,JC74642-1,,,CW,,,z,,,JC74642,,,,TOT,,NQ,,,,Dibromochloromethane,124-48-1,,0,SW846 8260C,1,ug/l,u,z,z,n,1,RL,0.56,MDL,,,,,,1,n,TOT,,,MS29572,,9/28/2018,,10/12/2018,9/26/2018,ACTD,,SJ24058491,V2B7347,O,OR,TAR,
"Montclair Department of Utilities, 54 Watchung Ave",MW-3,9/26/2018,z,Water,0,0,ft,1,N,MW-3,JC74642-1,,,CW,,,z,,,JC74642,,,,TOT,,NQ,,,,Chloroform,67-66-3,,0,SW846 8260C,1,ug/l,u,z,z,n,1,RL,0.5,MDL,,,,,,1,n,TOT,,,MS29572,,9/28/2018,,10/12/2018,9/26/2018,ACTD,,SJ24058491,V2B7347,O,OR,TAR,
"Montclair Department of Utilities, 54 Watchung Ave",MW-3,9/26/2018,z,Water,0,0,ft,1,N,MW-3,JC74642-1,,,CW,,,z,,,JC74642,,,,TOT,,NQ,,,,Styrene,100-42-5,,0,SW846 8260C,1,ug/l,u,z,z,n,1,RL,0.7,MDL,,,,,,1,n,TOT,,,MS29572,,9/28/2018,,10/12/2018,9/26/2018,ACTD,,SJ24058491,V2B7347,O,OR,TAR,
"Montclair Department of Utilities, 54 Watchung Ave",MW-3,9/26/2018,z,Water,0,0,ft,1,N,MW-3,JC74642-1,,,CW,,,z,,,JC74642,,,,TOT,,NQ,,,,"cis-1,3-Dichloropropene",10061-01-5,,0,SW846 8260C,1,ug/l,u,z,z,n,1,RL,0.47,MDL,,,,,,1,n,TOT,,,MS29572,,9/28/2018,,10/12/2018,9/26/2018,ACTD,,SJ24058491,V2B7347,O,OR,TAR,
"Montclair Department of Utilities, 54 Watchung Ave",MW-3,9/26/2018,z,Water,0,0,ft,1,N,MW-3,JC74642-1,,,CW,,,z,,,JC74642,,,,TOT,,NQ,,,,"trans-1,3-Dichloropropene",10061-02-6,,0,SW846 8260C,1,ug/l,u,z,z,n,1,RL,0.43,MDL,,,,,,1,n,TOT,,,MS29572,,9/28/2018,,10/12/2018,9/26/2018,ACTD,,SJ24058491,V2B7347,O,OR,TAR,
"Montclair Department of Utilities, 54 Watchung Ave",MW-3,9/26/2018,z,Water,0,0,ft,1,N,MW-3,JC74642-1,,,CW,,,z,,,JC74642,,,,TOT,,NQ,,,,"1,4-Dichlorobenzene (VOA)",106-46-7,,0,SW846 8260C,1,ug/l,u,z,z,n,1,RL,0.51,MDL,,,,,,1,n,TOT,,,MS29572,,9/28/2018,,10/12/2018,9/26/2018,ACTD,,SJ24058491,V2B7347,O,OR,TAR,
"Montclair Department of Utilities, 54 Watchung Ave",MW-3,9/26/2018,z,Water,0,0,ft,1,N,MW-3,JC74642-1,,,CW,,,z,,,JC74642,,,,TOT,,NQ,,,,"1,2-Dichloroethane",107-06-2,,0,SW846 8260C,1,ug/l,u,z,z,n,1,RL,0.6,MDL,,,,,,1,n,TOT,,,MS29572,,9/28/2018,,10/12/2018,9/26/2018,ACTD,,SJ24058491,V2B7347,O,OR,TAR,
"Montclair Department of Utilities, 54 Watchung Ave",MW-3,9/26/2018,z,Water,0,0,ft,1,N,MW-3,JC74642-1,,,CW,,,z,,,JC74642,,,,TOT,,NQ,,,,4-Methyl-2-pentanone,108-10-1,,0,SW846 8260C,5,ug/l,u,z,z,n,5,RL,1.9,MDL,,,,,,1,n,TOT,,,MS29572,,9/28/2018,,10/12/2018,9/26/2018,ACTD,,SJ24058491,V2B7347,O,OR,TAR,
"Montclair Department of Utilities, 54 Watchung Ave",MW-3,9/26/2018,z,Water,0,0,ft,1,N,MW-3,JC74642-1,,,CW,,,z,,,JC74642,,,,TOT,,NQ,,,,"Cyclohexane, Methyl-",108-87-2,,0,SW846 8260C,5,ug/l,u,z,z,n,5,RL,0.6,MDL,,,,,,1,n,TOT,,,MS29572,,9/28/2018,,10/12/2018,9/26/2018,ACTD,,SJ24058491,V2B7347,O,OR,TAR,
"Montclair Department of Utilities, 54 Watchung Ave",MW-3,9/26/2018,z,Water,0,0,ft,1,N,MW-3,JC74642-1,,,CW,,,z,,,JC74642,,,,TOT,,NQ,,,,Toluene,108-88-3,,0,SW846 8260C,1,ug/l,u,z,z,n,1,RL,0.53,MDL,,,,,,1,n,TOT,,,MS29572,,9/28/2018,,10/12/2018,9/26/2018,ACTD,,SJ24058491,V2B7347,O,OR,TAR,
"Montclair Department of Utilities, 54 Watchung Ave",MW-3,9/26/2018,z,Water,0,0,ft,1,N,MW-3,JC74642-1,,,CW,,,z,,,JC74642,,,,TOT,,NQ,,,,Chlorobenzene,108-90-7,,0,SW846 8260C,1,ug/l,u,z,z,n,1,RL,0.56,MDL,,,,,,1,n,TOT,,,MS29572,,9/28/2018,,10/12/2018,9/26/2018,ACTD,,SJ24058491,V2B7347,O,OR,TAR,
"Montclair Department of Utilities, 54 Watchung Ave",MW-3,9/26/2018,z,Water,0,0,ft,1,N,MW-3,JC74642-1,,,CW,,,z,,,JC74642,,,,TOT,,NQ,,,,Cyclohexane,110-82-7,,0,SW846 8260C,5,ug/l,u,z,z,n,5,RL,0.78,MDL,,,,,,1,n,TOT,,,MS29572,,9/28/2018,,10/12/2018,9/26/2018,ACTD,,SJ24058491,V2B7347,O,OR,TAR,
"Montclair Department of Utilities, 54 Watchung Ave",MW-3,9/26/2018,z,Water,0,0,ft,1,N,MW-3,JC74642-1,,,CW,,,z,,,JC74642,,,,TOT,,NQ,,,,Dichlorodifluoromethane,75-71-8,,0,SW846 8260C,2,ug/l,u,z,z,n,2,RL,1.4,MDL,,,,,,1,n,TOT,,,MS29572,,9/28/2018,,10/12/2018,9/26/2018,ACTD,,SJ24058491,V2B7347,O,OR,TAR,
"Montclair Department of Utilities, 54 Watchung Ave",MW-3,9/26/2018,z,Water,0,0,ft,1,N,MW-3,JC74642-1,,,CW,,,z,,,JC74642,,,,TOT,,NQ,,,,"1,2,4-Trichlorobenzene (VOA)",120-82-1,,0,SW846 8260C,1,ug/l,u,z,z,n,1,RL,0.5,MDL,,,,,,1,n,TOT,,,MS29572,,9/28/2018,,10/12/2018,9/26/2018,ACTD,,SJ24058491,V2B7347,O,OR,TAR,
"Montclair Department of Utilities, 54 Watchung Ave",MW-3,9/26/2018,z,Water,0,0,ft,1,N,MW-3,JC74642-1,,,CW,,,z,,,JC74642,,,,TOT,,NQ,,,,Dibromofluoromethane,1868-53-7,,0,SW846 8260C,115,%,v,z,z,y,,,,,,,,10.74,,1,n,TOT,,,MS29572,,9/28/2018,,10/12/2018,9/26/2018,ACTD,,SJ24058491,V2B7347,O,OR,SUR,
"Montclair Department of Utilities, 54 Watchung Ave",MW-3,9/26/2018,z,Water,0,0,ft,1,N,MW-3,JC74642-1,,,CW,,,z,,,JC74642,,,,TOT,,NQ,,,,Acetone,67-64-1,,0,SW846 8260C,10,ug/l,u,z,z,n,10,RL,6,MDL,,,,,,1,n,TOT,,,MS29572,,9/28/2018,,10/12/2018,9/26/2018,ACTD,,SJ24058491,V2B7347,O,OR,TAR,
"Montclair Department of Utilities, 54 Watchung Ave",MW-3,9/26/2018,z,Water,0,0,ft,1,N,MW-3,JC74642-1,,,CW,,,z,,,JC74642,,,,TOT,,NQ,,,,2-Hexanone,591-78-6,,0,SW846 8260C,5,ug/l,u,z,z,n,5,RL,2,MDL,,,,,,1,n,TOT,,,MS29572,,9/28/2018,,10/12/2018,9/26/2018,ACTD,,SJ24058491,V2B7347,O,OR,TAR,
"Montclair Department of Utilities, 54 Watchung Ave",MW-3,9/26/2018,z,Water,0,0,ft,1,N,MW-3,JC74642-1,,,CW,,,z,,,JC74642,,,,TOT,,NQ,,,,Carbon tetrachloride,56-23-5,,0,SW846 8260C,1,ug/l,u,z,z,n,1,RL,0.55,MDL,,,,,,1,n,TOT,,,MS29572,,9/28/2018,,10/12/2018,9/26/2018,ACTD,,SJ24058491,V2B7347,O,OR,TAR,
"Montclair Department of Utilities, 54 Watchung Ave",MW-3,9/26/2018,z,Water,0,0,ft,1,N,MW-3,JC74642-1,,,CW,,,z,,,JC74642,,,,TOT,,NQ,,,,"1,3-Dichlorobenzene (VOA)",541-73-1,,0,SW846 8260C,1,ug/l,u,z,z,n,1,RL,0.54,MDL,,,,,,1,n,TOT,,,MS29572,,9/28/2018,,10/12/2018,9/26/2018,ACTD,,SJ24058491,V2B7347,O,OR,TAR,
"Montclair Department of Utilities, 54 Watchung Ave",MW-3,9/26/2018,z,Water,0,0,ft,1,N,MW-3,JC74642-1,,,CW,,,z,,,JC74642,,,,TOT,,NQ,,,,Toluene-D8,2037-26-5,,0,SW846 8260C,101,%,v,z,z,y,,,,,,,,13.42,,1,n,TOT,,,MS29572,,9/28/2018,,10/12/2018,9/26/2018,ACTD,,SJ24058491,V2B7347,O,OR,SUR,
"Montclair Department of Utilities, 54 Watchung Ave",MW-3,9/26/2018,z,Water,0,0,ft,1,N,MW-3,JC74642-1,,,CW,,,z,,,JC74642,,,,TOT,,NQ,,,,Tetrachloroethene,127-18-4,,0,SW846 8260C,1,ug/l,u,z,z,n,1,RL,0.9,MDL,,,,,,1,n,TOT,,,MS29572,,9/28/2018,,10/12/2018,9/26/2018,ACTD,,SJ24058491,V2B7347,O,OR,TAR,
"Montclair Department of Utilities, 54 Watchung Ave",MW-3,9/26/2018,z,Water,0,0,ft,1,N,MW-3,JC74642-1,,,CW,,,z,,,JC74642,,,,TOT,,NQ,,,,"1,2-Dichloroethane-D4",17060-07-0,,0,SW846 8260C,105,%,v,z,z,y,,,,,,,,11.19,,1,n,TOT,,,MS29572,,9/28/2018,,10/12/2018,9/26/2018,ACTD,,SJ24058491,V2B7347,O,OR,SUR,
"Montclair Department of Utilities, 54 Watchung Ave",MW-3,9/26/2018,z,Water,0,0,ft,1,N,MW-3,JC74642-1,,,CW,,,z,,,JC74642,,,,TOT,,NQ,,,,Methyl tert-butyl ether,1634-04-4,,0,SW846 8260C,1,ug/l,u,z,z,n,1,RL,0.51,MDL,,,,,,1,n,TOT,,,MS29572,,9/28/2018,,10/12/2018,9/26/2018,ACTD,,SJ24058491,V2B7347,O,OR,TAR,
"Montclair Department of Utilities, 54 Watchung Ave",MW-3,9/26/2018,z,Water,0,0,ft,1,N,MW-3,JC74642-1,,,CW,,,z,,,JC74642,,,,TOT,,NQ,,,,"trans-1,2-Dichloroethene",156-60-5,,0,SW846 8260C,1,ug/l,u,z,z,n,1,RL,0.54,MDL,,,,,,1,n,TOT,,,MS29572,,9/28/2018,,10/12/2018,9/26/2018,ACTD,,SJ24058491,V2B7347,O,OR,TAR,
"Montclair Department of Utilities, 54 Watchung Ave",MW-3,9/26/2018,z,Water,0,0,ft,1,N,MW-3,JC74642-1,,,CW,,,z,,,JC74642,,,,TOT,,NQ,,,,"cis-1,2-Dichloroethene",156-59-2,,0,SW846 8260C,1,ug/l,u,z,z,n,1,RL,0.51,MDL,,,,,,1,n,TOT,,,MS29572,,9/28/2018,,10/12/2018,9/26/2018,ACTD,,SJ24058491,V2B7347,O,OR,TAR,
"Montclair Department of Utilities, 54 Watchung Ave",MW-3,9/26/2018,z,Water,0,0,ft,1,N,MW-3,JC74642-1,,,CW,,,z,,,JC74642,,,,TOT,,NQ,,,,Xylenes (Total),1330-20-7,,0,SW846 8260C,1,ug/l,u,z,z,n,1,RL,0.59,MDL,,,,,,1,n,TOT,,,MS29572,,9/28/2018,,10/12/2018,9/26/2018,ACTD,,SJ24058491,V2B7347,O,OR,TAR,
"Montclair Department of Utilities, 54 Watchung Ave",MW-3,9/26/2018,z,Water,0,0,ft,1,N,MW-3,JC74642-1,,,CW,,,z,,,JC74642,,,,TOT,,NQ,,,,Ethyl benzene,100-41-4,,0,SW846 8260C,1,ug/l,u,z,z,n,1,RL,0.6,MDL,,,,,,1,n,TOT,,,MS29572,,9/28/2018,,10/12/2018,9/26/2018,ACTD,,SJ24058491,V2B7347,O,OR,TAR,
"Montclair Department of Utilities, 54 Watchung Ave",MW-3,9/26/2018,z,Water,0,0,ft,1,N,MW-3,JC74642-1,,,CW,,,z,,,JC74642,,,,TOT,,NQ,,,,Bromofluorobenzene,460-00-4,,0,SW846 8260C,99,%,v,z,z,y,,,,,,,,16.26,,1,n,TOT,,,MS29572,,9/28/2018,,10/12/2018,9/26/2018,ACTD,,SJ24058491,V2B7347,O,OR,SUR,
"Montclair Department of Utilities, 54 Watchung Ave",7B-MW-1,9/26/2018,z,Water,0,0,ft,0,Y,7B-MW-1,JC74642-2,,,CW,,,z,,,JC74642,,,,TOT,,NQ,,,,Nitrobenzene-d5,4165-60-0,,0,SW846 8270D BY SIM,99,%,v,z,z,y,,,,,,,,5.72,,1,n,TOT,,SW846 3510C,OP15553A,,10/12/2018,10/2/2018,10/12/2018,9/26/2018,ACTD,,SJ24103981,OP15553A,O,OR,SUR,
"Montclair Department of Utilities, 54 Watchung Ave",7B-MW-1,9/26/2018,z,Water,0,0,ft,0,Y,7B-MW-1,JC74642-2,,,CW,,,z,,,JC74642,,,,TOT,,NQ,,,,2-Fluorobiphenyl,321-60-8,,0,SW846 8270D BY SIM,73,%,v,z,z,y,,,,,,,,7.48,,1,n,TOT,,SW846 3510C,OP15553A,,10/12/2018,10/2/2018,10/12/2018,9/26/2018,ACTD,,SJ24103981,OP15553A,O,OR,SUR,
"Montclair Department of Utilities, 54 Watchung Ave",7B-MW-1,9/26/2018,z,Water,0,0,ft,0,Y,7B-MW-1,JC74642-2,,,CW,,,z,,,JC74642,,,,TOT,,NQ,,,,Terphenyl-d14,1718-51-0,,0,SW846 8270D BY SIM,69,%,v,z,z,y,,,,,,,,11.18,,1,n,TOT,,SW846 3510C,OP15553A,,10/12/2018,10/2/2018,10/12/2018,9/26/2018,ACTD,,SJ24103981,OP15553A,O,OR,SUR,
"Montclair Department of Utilities, 54 Watchung Ave",7B-MW-1,9/26/2018,z,Water,0,0,ft,0,Y,7B-MW-1,JC74642-2,,,CW,,,z,,,JC74642,,,,TOT,,NQ,,,,"1,4-Dioxane",123-91-1,,0,SW846 8270D BY SIM,0.541,ug/l,v,z,z,y,0.1,RL,0.049,MDL,,,,2.27,,1,n,TOT,,SW846 3510C,OP15553A,,10/12/2018,10/2/2018,10/12/2018,9/26/2018,ACTD,,SJ24103981,OP15553A,O,OR,TAR,
"Montclair Department of Utilities, 54 Watchung Ave",7B-MW-1,9/26/2018,z,Water,0,0,ft,0,N,7B-MW-1,JC74642-2,,,CW,,,z,,,JC74642,,,,TOT,,NQ,,,,alkene,,,0,SW846 8260C,15,ug/l,vj,z,z,y,,,,,,,,7.306,,1,n,TOT,,,MS29572,,9/28/2018,,10/12/2018,9/26/2018,ACTD,,SJ24058488,V2B7347,O,OR,TIC,
"Montclair Department of Utilities, 54 Watchung Ave",7B-MW-1,9/26/2018,z,Water,0,0,ft,0,N,7B-MW-1,JC74642-2,,,CW,,,z,,,JC74642,,,,TOT,,NQ,,,,"Di-sec-butyl ether, isomer",,,0,SW846 8260C,12,ug/l,vj,z,z,y,,,,,,,,13.666,,1,n,TOT,,,MS29572,,9/28/2018,,10/12/2018,9/26/2018,ACTD,,SJ24058488,V2B7347,O,OR,TIC,
"Montclair Department of Utilities, 54 Watchung Ave",7B-MW-1,9/26/2018,z,Water,0,0,ft,0,N,7B-MW-1,JC74642-2,,,CW,,,z,,,JC74642,,,,TOT,,NQ,,,,"Di-sec-butyl ether, isomer",,,0,SW846 8260C,9.7,ug/l,vj,z,z,y,,,,,,,,13.582,,1,n,TOT,,,MS29572,,9/28/2018,,10/12/2018,9/26/2018,ACTD,,SJ24058488,V2B7347,O,OR,TIC,
"Montclair Department of Utilities, 54 Watchung Ave",7B-MW-1,9/26/2018,z,Water,0,0,ft,0,N,7B-MW-1,JC74642-2,,,CW,,,z,,,JC74642,,,,TOT,,NQ,,,,cycloalkene,,,0,SW846 8260C,6.4,ug/l,vj,z,z,y,,,,,,,,12.874,,1,n,TOT,,,MS29572,,9/28/2018,,10/12/2018,9/26/2018,ACTD,,SJ24058488,V2B7347,O,OR,TIC,
"Montclair Department of Utilities, 54 Watchung Ave",7B-MW-1,9/26/2018,z,Water,0,0,ft,0,N,7B-MW-1,JC74642-2,,,CW,,,z,,,JC74642,,,,TOT,,NQ,,,,"Total TIC, Volatile",,,0,SW846 8260C,43.1,ug/l,vj,z,z,y,,,,,,,,,,1,n,TOT,,,MS29572,,9/28/2018,,10/12/2018,9/26/2018,ACTD,,SJ24058488,V2B7347,O,OR,TIC,
"Montclair Department of Utilities, 54 Watchung Ave",7B-MW-1,9/26/2018,z,Water,0,0,ft,0,N,7B-MW-1,JC74642-2,,,CW,,,z,,,JC74642,,,,TOT,,NQ,,,,Total Alkanes,,,0,SW846 8260C,452.1,ug/l,vj,z,z,y,,,,,,,,,,1,n,TOT,,,MS29572,,9/28/2018,,10/12/2018,9/26/2018,ACTD,,SJ24058488,V2B7347,O,OR,TIC,
"Montclair Department of Utilities, 54 Watchung Ave",7B-MW-1,9/26/2018,z,Water,0,0,ft,0,Y,7B-MW-1,JC74642-2,,,CW,,,z,,,JC74642,,,,TOT,,NQ,,,,Ethylene dibromide,106-93-4,,0,SW846-8011,0.02,ug/l,u,z,z,n,0.02,RL,0.0053,MDL,,,,,,1,n,TOT,,SW846 8011,OP15605,,10/4/2018,10/4/2018,10/12/2018,9/26/2018,ACTD,,SJ24095008,OP15605,O,OR,TAR,
"Montclair Department of Utilities, 54 Watchung Ave",7B-MW-1,9/26/2018,z,Water,0,0,ft,0,Y,7B-MW-1,JC74642-2,,,CW,,,z,,,JC74642,,,,TOT,,NQ,,,,2-Bromo-1-chloropropane,3017-95-6,,0,SW846-8011,114,%,v,z,z,y,,,,,,,,2.52,,1,n,TOT,,SW846 8011,OP15605,,10/4/2018,10/4/2018,10/12/2018,9/26/2018,ACTD,,SJ24095008,OP15605,O,1C,SUR,
"Montclair Department of Utilities, 54 Watchung Ave",7B-MW-1,9/26/2018,z,Water,0,0,ft,0,Y,7B-MW-1,JC74642-2,,,CW,,,z,,,JC74642,,,,TOT,,NQ,,,,2-Bromo-1-chloropropane,3017-95-6,,0,SW846-8011,105,%,v,z,z,y,,,,,,,,2.92,,1,n,TOT,,SW846 8011,OP15605,,10/4/2018,10/4/2018,10/12/2018,9/26/2018,ACTD,,SJ24095008,OP15605,O,2C,SUR,
"Montclair Department of Utilities, 54 Watchung Ave",7B-MW-1,9/26/2018,z,Water,0,0,ft,0,Y,7B-MW-1,JC74642-2,,,CW,,,z,,,JC74642,,,,TOT,,NQ,,,,"1,2-Dibromo-3-chloropropane",96-12-8,,0,SW846-8011,0.02,ug/l,u,z,z,n,0.02,RL,0.0086,MDL,,,,,,1,n,TOT,,SW846 8011,OP15605,,10/4/2018,10/4/2018,10/12/2018,9/26/2018,ACTD,,SJ24095008,OP15605,O,OR,TAR,
"Montclair Department of Utilities, 54 Watchung Ave",7B-MW-1,9/26/2018,z,Water,0,0,ft,0,N,7B-MW-1,JC74642-2,,,CW,,,z,,,JC74642,,,,TOT,,NQ,,,,Toluene-D8,2037-26-5,,0,SW846 8260C,99,%,v,z,z,y,,,,,,,,13.42,,1,n,TOT,,,MS29572,,9/28/2018,,10/12/2018,9/26/2018,ACTD,,SJ24058487,V2B7347,O,OR,SUR,
"Montclair Department of Utilities, 54 Watchung Ave",7B-MW-1,9/26/2018,z,Water,0,0,ft,0,N,7B-MW-1,JC74642-2,,,CW,,,z,,,JC74642,,,,TOT,,NQ,,,,Tetrachloroethene,127-18-4,,0,SW846 8260C,1,ug/l,u,z,z,n,1,RL,0.9,MDL,,,,,,1,n,TOT,,,MS29572,,9/28/2018,,10/12/2018,9/26/2018,ACTD,,SJ24058487,V2B7347,O,OR,TAR,
"Montclair Department of Utilities, 54 Watchung Ave",7B-MW-1,9/26/2018,z,Water,0,0,ft,0,N,7B-MW-1,JC74642-2,,,CW,,,z,,,JC74642,,,,TOT,,NQ,,,,Xylenes (Total),1330-20-7,,0,SW846 8260C,3,ug/l,v,z,z,y,1,RL,0.59,MDL,,,,,,1,n,TOT,,,MS29572,,9/28/2018,,10/12/2018,9/26/2018,ACTD,,SJ24058487,V2B7347,O,OR,TAR,
"Montclair Department of Utilities, 54 Watchung Ave",7B-MW-1,9/26/2018,z,Water,0,0,ft,0,N,7B-MW-1,JC74642-2,,,CW,,,z,,,JC74642,,,,TOT,,NQ,,,,"cis-1,2-Dichloroethene",156-59-2,,0,SW846 8260C,0.77,ug/l,vj,z,z,y,1,RL,0.51,MDL,,,,10.15,,1,n,TOT,,,MS29572,,9/28/2018,,10/12/2018,9/26/2018,ACTD,,SJ24058487,V2B7347,O,OR,TAR,
"Montclair Department of Utilities, 54 Watchung Ave",7B-MW-1,9/26/2018,z,Water,0,0,ft,0,N,7B-MW-1,JC74642-2,,,CW,,,z,,,JC74642,,,,TOT,,NQ,,,,"trans-1,2-Dichloroethene",156-60-5,,0,SW846 8260C,1,ug/l,u,z,z,n,1,RL,0.54,MDL,,,,,,1,n,TOT,,,MS29572,,9/28/2018,,10/12/2018,9/26/2018,ACTD,,SJ24058487,V2B7347,O,OR,TAR,
"Montclair Department of Utilities, 54 Watchung Ave",7B-MW-1,9/26/2018,z,Water,0,0,ft,0,N,7B-MW-1,JC74642-2,,,CW,,,z,,,JC74642,,,,TOT,,NQ,,,,Methyl tert-butyl ether,1634-04-4,,0,SW846 8260C,1,ug/l,u,z,z,n,1,RL,0.51,MDL,,,,,,1,n,TOT,,,MS29572,,9/28/2018,,10/12/2018,9/26/2018,ACTD,,SJ24058487,V2B7347,O,OR,TAR,
"Montclair Department of Utilities, 54 Watchung Ave",7B-MW-1,9/26/2018,z,Water,0,0,ft,0,N,7B-MW-1,JC74642-2,,,CW,,,z,,,JC74642,,,,TOT,,NQ,,,,Dibromochloromethane,124-48-1,,0,SW846 8260C,1,ug/l,u,z,z,n,1,RL,0.56,MDL,,,,,,1,n,TOT,,,MS29572,,9/28/2018,,10/12/2018,9/26/2018,ACTD,,SJ24058487,V2B7347,O,OR,TAR,
"Montclair Department of Utilities, 54 Watchung Ave",7B-MW-1,9/26/2018,z,Water,0,0,ft,0,N,7B-MW-1,JC74642-2,,,CW,,,z,,,JC74642,,,,TOT,,NQ,,,,Dibromofluoromethane,1868-53-7,,0,SW846 8260C,108,%,v,z,z,y,,,,,,,,10.74,,1,n,TOT,,,MS29572,,9/28/2018,,10/12/2018,9/26/2018,ACTD,,SJ24058487,V2B7347,O,OR,SUR,
"Montclair Department of Utilities, 54 Watchung Ave",7B-MW-1,9/26/2018,z,Water,0,0,ft,0,N,7B-MW-1,JC74642-2,,,CW,,,z,,,JC74642,,,,TOT,,NQ,,,,4-Methyl-2-pentanone,108-10-1,,0,SW846 8260C,5,ug/l,u,z,z,n,5,RL,1.9,MDL,,,,,,1,n,TOT,,,MS29572,,9/28/2018,,10/12/2018,9/26/2018,ACTD,,SJ24058487,V2B7347,O,OR,TAR,
"Montclair Department of Utilities, 54 Watchung Ave",7B-MW-1,9/26/2018,z,Water,0,0,ft,0,N,7B-MW-1,JC74642-2,,,CW,,,z,,,JC74642,,,,TOT,,NQ,,,,Carbon tetrachloride,56-23-5,,0,SW846 8260C,1,ug/l,u,z,z,n,1,RL,0.55,MDL,,,,,,1,n,TOT,,,MS29572,,9/28/2018,,10/12/2018,9/26/2018,ACTD,,SJ24058487,V2B7347,O,OR,TAR,
"Montclair Department of Utilities, 54 Watchung Ave",7B-MW-1,9/26/2018,z,Water,0,0,ft,0,N,7B-MW-1,JC74642-2,,,CW,,,z,,,JC74642,,,,TOT,,NQ,,,,"1,2-Dichloroethane-D4",17060-07-0,,0,SW846 8260C,103,%,v,z,z,y,,,,,,,,11.19,,1,n,TOT,,,MS29572,,9/28/2018,,10/12/2018,9/26/2018,ACTD,,SJ24058487,V2B7347,O,OR,SUR,
"Montclair Department of Utilities, 54 Watchung Ave",7B-MW-1,9/26/2018,z,Water,0,0,ft,0,N,7B-MW-1,JC74642-2,,,CW,,,z,,,JC74642,,,,TOT,,NQ,,,,"1,2,4-Trichlorobenzene (VOA)",120-82-1,,0,SW846 8260C,1,ug/l,u,z,z,n,1,RL,0.5,MDL,,,,,,1,n,TOT,,,MS29572,,9/28/2018,,10/12/2018,9/26/2018,ACTD,,SJ24058487,V2B7347,O,OR,TAR,
"Montclair Department of Utilities, 54 Watchung Ave",7B-MW-1,9/26/2018,z,Water,0,0,ft,0,N,7B-MW-1,JC74642-2,,,CW,,,z,,,JC74642,,,,TOT,,NQ,,,,Cyclohexane,110-82-7,,0,SW846 8260C,31.6,ug/l,v,z,z,y,5,RL,0.78,MDL,,,,10.96,,1,n,TOT,,,MS29572,,9/28/2018,,10/12/2018,9/26/2018,ACTD,,SJ24058487,V2B7347,O,OR,TAR,
"Montclair Department of Utilities, 54 Watchung Ave",7B-MW-1,9/26/2018,z,Water,0,0,ft,0,N,7B-MW-1,JC74642-2,,,CW,,,z,,,JC74642,,,,TOT,,NQ,,,,Chlorobenzene,108-90-7,,0,SW846 8260C,1,ug/l,u,z,z,n,1,RL,0.56,MDL,,,,,,1,n,TOT,,,MS29572,,9/28/2018,,10/12/2018,9/26/2018,ACTD,,SJ24058487,V2B7347,O,OR,TAR,
"Montclair Department of Utilities, 54 Watchung Ave",7B-MW-1,9/26/2018,z,Water,0,0,ft,0,N,7B-MW-1,JC74642-2,,,CW,,,z,,,JC74642,,,,TOT,,NQ,,,,"Cyclohexane, Methyl-",108-87-2,,0,SW846 8260C,6.3,ug/l,v,z,z,y,5,RL,0.6,MDL,,,,12.32,,1,n,TOT,,,MS29572,,9/28/2018,,10/12/2018,9/26/2018,ACTD,,SJ24058487,V2B7347,O,OR,TAR,
"Montclair Department of Utilities, 54 Watchung Ave",7B-MW-1,9/26/2018,z,Water,0,0,ft,0,N,7B-MW-1,JC74642-2,,,CW,,,z,,,JC74642,,,,TOT,,NQ,,,,"1,2-Dichloroethane",107-06-2,,0,SW846 8260C,1,ug/l,u,z,z,n,1,RL,0.6,MDL,,,,,,1,n,TOT,,,MS29572,,9/28/2018,,10/12/2018,9/26/2018,ACTD,,SJ24058487,V2B7347,O,OR,TAR,
"Montclair Department of Utilities, 54 Watchung Ave",7B-MW-1,9/26/2018,z,Water,0,0,ft,0,N,7B-MW-1,JC74642-2,,,CW,,,z,,,JC74642,,,,TOT,,NQ,,,,"1,4-Dichlorobenzene (VOA)",106-46-7,,0,SW846 8260C,1,ug/l,u,z,z,n,1,RL,0.51,MDL,,,,,,1,n,TOT,,,MS29572,,9/28/2018,,10/12/2018,9/26/2018,ACTD,,SJ24058487,V2B7347,O,OR,TAR,
"Montclair Department of Utilities, 54 Watchung Ave",7B-MW-1,9/26/2018,z,Water,0,0,ft,0,N,7B-MW-1,JC74642-2,,,CW,,,z,,,JC74642,,,,TOT,,NQ,,,,"trans-1,3-Dichloropropene",10061-02-6,,0,SW846 8260C,1,ug/l,u,z,z,n,1,RL,0.43,MDL,,,,,,1,n,TOT,,,MS29572,,9/28/2018,,10/12/2018,9/26/2018,ACTD,,SJ24058487,V2B7347,O,OR,TAR,
"Montclair Department of Utilities, 54 Watchung Ave",7B-MW-1,9/26/2018,z,Water,0,0,ft,0,N,7B-MW-1,JC74642-2,,,CW,,,z,,,JC74642,,,,TOT,,NQ,,,,"cis-1,3-Dichloropropene",10061-01-5,,0,SW846 8260C,1,ug/l,u,z,z,n,1,RL,0.47,MDL,,,,,,1,n,TOT,,,MS29572,,9/28/2018,,10/12/2018,9/26/2018,ACTD,,SJ24058487,V2B7347,O,OR,TAR,
"Montclair Department of Utilities, 54 Watchung Ave",7B-MW-1,9/26/2018,z,Water,0,0,ft,0,N,7B-MW-1,JC74642-2,,,CW,,,z,,,JC74642,,,,TOT,,NQ,,,,Styrene,100-42-5,,0,SW846 8260C,1,ug/l,u,z,z,n,1,RL,0.7,MDL,,,,,,1,n,TOT,,,MS29572,,9/28/2018,,10/12/2018,9/26/2018,ACTD,,SJ24058487,V2B7347,O,OR,TAR,
"Montclair Department of Utilities, 54 Watchung Ave",7B-MW-1,9/26/2018,z,Water,0,0,ft,0,N,7B-MW-1,JC74642-2,,,CW,,,z,,,JC74642,,,,TOT,,NQ,,,,Ethyl benzene,100-41-4,,0,SW846 8260C,1,ug/l,u,z,z,n,1,RL,0.6,MDL,,,,,,1,n,TOT,,,MS29572,,9/28/2018,,10/12/2018,9/26/2018,ACTD,,SJ24058487,V2B7347,O,OR,TAR,
"Montclair Department of Utilities, 54 Watchung Ave",7B-MW-1,9/26/2018,z,Water,0,0,ft,0,N,7B-MW-1,JC74642-2,,,CW,,,z,,,JC74642,,,,TOT,,NQ,,,,"1,3-Dichlorobenzene (VOA)",541-73-1,,0,SW846 8260C,1,ug/l,u,z,z,n,1,RL,0.54,MDL,,,,,,1,n,TOT,,,MS29572,,9/28/2018,,10/12/2018,9/26/2018,ACTD,,SJ24058487,V2B7347,O,OR,TAR,
"Montclair Department of Utilities, 54 Watchung Ave",7B-MW-1,9/26/2018,z,Water,0,0,ft,0,N,7B-MW-1,JC74642-2,,,CW,,,z,,,JC74642,,,,TOT,,NQ,,,,Toluene,108-88-3,,0,SW846 8260C,1.7,ug/l,v,z,z,y,1,RL,0.53,MDL,,,,13.5,,1,n,TOT,,,MS29572,,9/28/2018,,10/12/2018,9/26/2018,ACTD,,SJ24058487,V2B7347,O,OR,TAR,
"Montclair Department of Utilities, 54 Watchung Ave",7B-MW-1,9/26/2018,z,Water,0,0,ft,0,N,7B-MW-1,JC74642-2,,,CW,,,z,,,JC74642,,,,TOT,,NQ,,,,"1,1-Dichloroethene",75-35-4,,0,SW846 8260C,1,ug/l,u,z,z,n,1,RL,0.59,MDL,,,,,,1,n,TOT,,,MS29572,,9/28/2018,,10/12/2018,9/26/2018,ACTD,,SJ24058487,V2B7347,O,OR,TAR,
"Montclair Department of Utilities, 54 Watchung Ave",7B-MW-1,9/26/2018,z,Water,0,0,ft,0,N,7B-MW-1,JC74642-2,,,CW,,,z,,,JC74642,,,,TOT,,NQ,,,,Bromofluorobenzene,460-00-4,,0,SW846 8260C,100,%,v,z,z,y,,,,,,,,16.26,,1,n,TOT,,,MS29572,,9/28/2018,,10/12/2018,9/26/2018,ACTD,,SJ24058487,V2B7347,O,OR,SUR,
"Montclair Department of Utilities, 54 Watchung Ave",7B-MW-1,9/26/2018,z,Water,0,0,ft,0,N,7B-MW-1,JC74642-2,,,CW,,,z,,,JC74642,,,,TOT,,NQ,,,,m&p-Xylenes,,,0,SW846 8260C,3,ug/l,v,z,z,y,1,RL,0.78,MDL,,,,15.26,,1,n,TOT,,,MS29572,,9/28/2018,,10/12/2018,9/26/2018,ACTD,,SJ24058487,V2B7347,O,OR,TAR,
"Montclair Department of Utilities, 54 Watchung Ave",7B-MW-1,9/26/2018,z,Water,0,0,ft,0,N,7B-MW-1,JC74642-2,,,CW,,,z,,,JC74642,,,,TOT,,NQ,,,,Isopropyl benzene,98-82-8,,0,SW846 8260C,1.6,ug/l,v,z,z,y,1,RL,0.65,MDL,,,,16.07,,1,n,TOT,,,MS29572,,9/28/2018,,10/12/2018,9/26/2018,ACTD,,SJ24058487,V2B7347,O,OR,TAR,
"Montclair Department of Utilities, 54 Watchung Ave",7B-MW-1,9/26/2018,z,Water,0,0,ft,0,N,7B-MW-1,JC74642-2,,,CW,,,z,,,JC74642,,,,TOT,,NQ,,,,"1,2-Dichlorobenzene (VOA)",95-50-1,,0,SW846 8260C,1,ug/l,u,z,z,n,1,RL,0.53,MDL,,,,,,1,n,TOT,,,MS29572,,9/28/2018,,10/12/2018,9/26/2018,ACTD,,SJ24058487,V2B7347,O,OR,TAR,
"Montclair Department of Utilities, 54 Watchung Ave",7B-MW-1,9/26/2018,z,Water,0,0,ft,0,N,7B-MW-1,JC74642-2,,,CW,,,z,,,JC74642,,,,TOT,,NQ,,,,o-Xylene,95-47-6,,0,SW846 8260C,1,ug/l,u,z,z,n,1,RL,0.59,MDL,,,,,,1,n,TOT,,,MS29572,,9/28/2018,,10/12/2018,9/26/2018,ACTD,,SJ24058487,V2B7347,O,OR,TAR,
"Montclair Department of Utilities, 54 Watchung Ave",7B-MW-1,9/26/2018,z,Water,0,0,ft,0,N,7B-MW-1,JC74642-2,,,CW,,,z,,,JC74642,,,,TOT,,NQ,,,,"1,2,3-Trichlorobenzene",87-61-6,,0,SW846 8260C,1,ug/l,u,z,z,n,1,RL,0.5,MDL,,,,,,1,n,TOT,,,MS29572,,9/28/2018,,10/12/2018,9/26/2018,ACTD,,SJ24058487,V2B7347,O,OR,TAR,
"Montclair Department of Utilities, 54 Watchung Ave",7B-MW-1,9/26/2018,z,Water,0,0,ft,0,N,7B-MW-1,JC74642-2,,,CW,,,z,,,JC74642,,,,TOT,,NQ,,,,"1,1,2,2-Tetrachloroethane",79-34-5,,0,SW846 8260C,1,ug/l,u,z,z,n,1,RL,0.65,MDL,,,,,,1,n,TOT,,,MS29572,,9/28/2018,,10/12/2018,9/26/2018,ACTD,,SJ24058487,V2B7347,O,OR,TAR,
"Montclair Department of Utilities, 54 Watchung Ave",7B-MW-1,9/26/2018,z,Water,0,0,ft,0,N,7B-MW-1,JC74642-2,,,CW,,,z,,,JC74642,,,,TOT,,NQ,,,,Methyl Acetate,79-20-9,,0,SW846 8260C,5,ug/l,u,z,z,n,5,RL,0.8,MDL,,,,,,1,n,TOT,,,MS29572,,9/28/2018,,10/12/2018,9/26/2018,ACTD,,SJ24058487,V2B7347,O,OR,TAR,
"Montclair Department of Utilities, 54 Watchung Ave",7B-MW-1,9/26/2018,z,Water,0,0,ft,0,N,7B-MW-1,JC74642-2,,,CW,,,z,,,JC74642,,,,TOT,,NQ,,,,Trichloroethene,79-01-6,,0,SW846 8260C,1,ug/l,u,z,z,n,1,RL,0.53,MDL,,,,,,1,n,TOT,,,MS29572,,9/28/2018,,10/12/2018,9/26/2018,ACTD,,SJ24058487,V2B7347,O,OR,TAR,
"Montclair Department of Utilities, 54 Watchung Ave",7B-MW-1,9/26/2018,z,Water,0,0,ft,0,N,7B-MW-1,JC74642-2,,,CW,,,z,,,JC74642,,,,TOT,,NQ,,,,"1,1,2-Trichloroethane",79-00-5,,0,SW846 8260C,1,ug/l,u,z,z,n,1,RL,0.53,MDL,,,,,,1,n,TOT,,,MS29572,,9/28/2018,,10/12/2018,9/26/2018,ACTD,,SJ24058487,V2B7347,O,OR,TAR,
"Montclair Department of Utilities, 54 Watchung Ave",7B-MW-1,9/26/2018,z,Water,0,0,ft,0,N,7B-MW-1,JC74642-2,,,CW,,,z,,,JC74642,,,,TOT,,NQ,,,,Methyl ethyl ketone,78-93-3,,0,SW846 8260C,10,ug/l,u,z,z,n,10,RL,6.9,MDL,,,,,,1,n,TOT,,,MS29572,,9/28/2018,,10/12/2018,9/26/2018,ACTD,,SJ24058487,V2B7347,O,OR,TAR,
"Montclair Department of Utilities, 54 Watchung Ave",7B-MW-1,9/26/2018,z,Water,0,0,ft,0,N,7B-MW-1,JC74642-2,,,CW,,,z,,,JC74642,,,,TOT,,NQ,,,,"1,2-Dichloropropane",78-87-5,,0,SW846 8260C,1,ug/l,u,z,z,n,1,RL,0.51,MDL,,,,,,1,n,TOT,,,MS29572,,9/28/2018,,10/12/2018,9/26/2018,ACTD,,SJ24058487,V2B7347,O,OR,TAR,
"Montclair Department of Utilities, 54 Watchung Ave",7B-MW-1,9/26/2018,z,Water,0,0,ft,0,N,7B-MW-1,JC74642-2,,,CW,,,z,,,JC74642,,,,TOT,,NQ,,,,"1,1,2-Trichlorotrifluoroethane",76-13-1,,0,SW846 8260C,5,ug/l,u,z,z,n,5,RL,1.9,MDL,,,,,,1,n,TOT,,,MS29572,,9/28/2018,,10/12/2018,9/26/2018,ACTD,,SJ24058487,V2B7347,O,OR,TAR,
"Montclair Department of Utilities, 54 Watchung Ave",7B-MW-1,9/26/2018,z,Water,0,0,ft,0,N,7B-MW-1,JC74642-2,,,CW,,,z,,,JC74642,,,,TOT,,NQ,,,,Trichlorofluoromethane,75-69-4,,0,SW846 8260C,2,ug/l,u,z,z,n,2,RL,0.84,MDL,,,,,,1,n,TOT,,,MS29572,,9/28/2018,,10/12/2018,9/26/2018,ACTD,,SJ24058487,V2B7347,O,OR,TAR,
"Montclair Department of Utilities, 54 Watchung Ave",7B-MW-1,9/26/2018,z,Water,0,0,ft,0,N,7B-MW-1,JC74642-2,,,CW,,,z,,,JC74642,,,,TOT,,NQ,,,,Chloroethane,75-00-3,,0,SW846 8260C,1,ug/l,u,z,z,n,1,RL,0.73,MDL,,,,,,1,n,TOT,,,MS29572,,9/28/2018,,10/12/2018,9/26/2018,ACTD,,SJ24058487,V2B7347,O,OR,TAR,
"Montclair Department of Utilities, 54 Watchung Ave",7B-MW-1,9/26/2018,z,Water,0,0,ft,0,N,7B-MW-1,JC74642-2,,,CW,,,z,,,JC74642,,,,TOT,,NQ,,,,2-Hexanone,591-78-6,,0,SW846 8260C,5,ug/l,u,z,z,n,5,RL,2,MDL,,,,,,1,n,TOT,,,MS29572,,9/28/2018,,10/12/2018,9/26/2018,ACTD,,SJ24058487,V2B7347,O,OR,TAR,
"Montclair Department of Utilities, 54 Watchung Ave",7B-MW-1,9/26/2018,z,Water,0,0,ft,0,N,7B-MW-1,JC74642-2,,,CW,,,z,,,JC74642,,,,TOT,,NQ,,,,Acetone,67-64-1,,0,SW846 8260C,10,ug/l,u,z,z,n,10,RL,6,MDL,,,,,,1,n,TOT,,,MS29572,,9/28/2018,,10/12/2018,9/26/2018,ACTD,,SJ24058487,V2B7347,O,OR,TAR,
"Montclair Department of Utilities, 54 Watchung Ave",7B-MW-1,9/26/2018,z,Water,0,0,ft,0,N,7B-MW-1,JC74642-2,,,CW,,,z,,,JC74642,,,,TOT,,NQ,,,,Chloroform,67-66-3,,0,SW846 8260C,1,ug/l,u,z,z,n,1,RL,0.5,MDL,,,,,,1,n,TOT,,,MS29572,,9/28/2018,,10/12/2018,9/26/2018,ACTD,,SJ24058487,V2B7347,O,OR,TAR,
"Montclair Department of Utilities, 54 Watchung Ave",7B-MW-1,9/26/2018,z,Water,0,0,ft,0,N,7B-MW-1,JC74642-2,,,CW,,,z,,,JC74642,,,,TOT,,NQ,,,,Benzene,71-43-2,,0,SW846 8260C,69.1,ug/l,v,z,z,y,0.5,RL,0.43,MDL,,,,11.3,,1,n,TOT,,,MS29572,,9/28/2018,,10/12/2018,9/26/2018,ACTD,,SJ24058487,V2B7347,O,OR,TAR,
"Montclair Department of Utilities, 54 Watchung Ave",7B-MW-1,9/26/2018,z,Water,0,0,ft,0,N,7B-MW-1,JC74642-2,,,CW,,,z,,,JC74642,,,,TOT,,NQ,,,,"1,1,1-Trichloroethane",71-55-6,,0,SW846 8260C,1,ug/l,u,z,z,n,1,RL,0.54,MDL,,,,,,1,n,TOT,,,MS29572,,9/28/2018,,10/12/2018,9/26/2018,ACTD,,SJ24058487,V2B7347,O,OR,TAR,
"Montclair Department of Utilities, 54 Watchung Ave",7B-MW-1,9/26/2018,z,Water,0,0,ft,0,N,7B-MW-1,JC74642-2,,,CW,,,z,,,JC74642,,,,TOT,,NQ,,,,Bromomethane,74-83-9,,0,SW846 8260C,2,ug/l,u,z,z,n,2,RL,1.6,MDL,,,,,,1,n,TOT,,,MS29572,,9/28/2018,,10/12/2018,9/26/2018,ACTD,,SJ24058487,V2B7347,O,OR,TAR,
"Montclair Department of Utilities, 54 Watchung Ave",7B-MW-1,9/26/2018,z,Water,0,0,ft,0,N,7B-MW-1,JC74642-2,,,CW,,,z,,,JC74642,,,,TOT,,NQ,,,,Dichlorodifluoromethane,75-71-8,,0,SW846 8260C,2,ug/l,u,z,z,n,2,RL,1.4,MDL,,,,,,1,n,TOT,,,MS29572,,9/28/2018,,10/12/2018,9/26/2018,ACTD,,SJ24058487,V2B7347,O,OR,TAR,
"Montclair Department of Utilities, 54 Watchung Ave",7B-MW-1,9/26/2018,z,Water,0,0,ft,0,N,7B-MW-1,JC74642-2,,,CW,,,z,,,JC74642,,,,TOT,,NQ,,,,Bromochloromethane,74-97-5,,0,SW846 8260C,1,ug/l,u,z,z,n,1,RL,0.48,MDL,,,,,,1,n,TOT,,,MS29572,,9/28/2018,,10/12/2018,9/26/2018,ACTD,,SJ24058487,V2B7347,O,OR,TAR,
"Montclair Department of Utilities, 54 Watchung Ave",7B-MW-1,9/26/2018,z,Water,0,0,ft,0,N,7B-MW-1,JC74642-2,,,CW,,,z,,,JC74642,,,,TOT,,NQ,,,,"1,1-Dichloroethane",75-34-3,,0,SW846 8260C,1,ug/l,u,z,z,n,1,RL,0.57,MDL,,,,,,1,n,TOT,,,MS29572,,9/28/2018,,10/12/2018,9/26/2018,ACTD,,SJ24058487,V2B7347,O,OR,TAR,
"Montclair Department of Utilities, 54 Watchung Ave",7B-MW-1,9/26/2018,z,Water,0,0,ft,0,N,7B-MW-1,JC74642-2,,,CW,,,z,,,JC74642,,,,TOT,,NQ,,,,Vinyl chloride,75-01-4,,0,SW846 8260C,1,ug/l,u,z,z,n,1,RL,0.79,MDL,,,,,,1,n,TOT,,,MS29572,,9/28/2018,,10/12/2018,9/26/2018,ACTD,,SJ24058487,V2B7347,O,OR,TAR,
"Montclair Department of Utilities, 54 Watchung Ave",7B-MW-1,9/26/2018,z,Water,0,0,ft,0,N,7B-MW-1,JC74642-2,,,CW,,,z,,,JC74642,,,,TOT,,NQ,,,,Methylene chloride,75-09-2,,0,SW846 8260C,2,ug/l,u,z,z,n,2,RL,1,MDL,,,,,,1,n,TOT,,,MS29572,,9/28/2018,,10/12/2018,9/26/2018,ACTD,,SJ24058487,V2B7347,O,OR,TAR,
"Montclair Department of Utilities, 54 Watchung Ave",7B-MW-1,9/26/2018,z,Water,0,0,ft,0,N,7B-MW-1,JC74642-2,,,CW,,,z,,,JC74642,,,,TOT,,NQ,,,,Carbon disulfide,75-15-0,,0,SW846 8260C,2,ug/l,u,z,z,n,2,RL,0.95,MDL,,,,,,1,n,TOT,,,MS29572,,9/28/2018,,10/12/2018,9/26/2018,ACTD,,SJ24058487,V2B7347,O,OR,TAR,
"Montclair Department of Utilities, 54 Watchung Ave",7B-MW-1,9/26/2018,z,Water,0,0,ft,0,N,7B-MW-1,JC74642-2,,,CW,,,z,,,JC74642,,,,TOT,,NQ,,,,Bromoform,75-25-2,,0,SW846 8260C,1,ug/l,u,z,z,n,1,RL,0.63,MDL,,,,,,1,n,TOT,,,MS29572,,9/28/2018,,10/12/2018,9/26/2018,ACTD,,SJ24058487,V2B7347,O,OR,TAR,
"Montclair Department of Utilities, 54 Watchung Ave",7B-MW-1,9/26/2018,z,Water,0,0,ft,0,N,7B-MW-1,JC74642-2,,,CW,,,z,,,JC74642,,,,TOT,,NQ,,,,Bromodichloromethane,75-27-4,,0,SW846 8260C,1,ug/l,u,z,z,n,1,RL,0.58,MDL,,,,,,1,n,TOT,,,MS29572,,9/28/2018,,10/12/2018,9/26/2018,ACTD,,SJ24058487,V2B7347,O,OR,TAR,
"Montclair Department of Utilities, 54 Watchung Ave",7B-MW-1,9/26/2018,z,Water,0,0,ft,0,N,7B-MW-1,JC74642-2,,,CW,,,z,,,JC74642,,,,TOT,,NQ,,,,Chloromethane,74-87-3,,0,SW846 8260C,1,ug/l,u,z,z,n,1,RL,0.76,MDL,,,,,,1,n,TOT,,,MS29572,,9/28/2018,,10/12/2018,9/26/2018,ACTD,,SJ24058487,V2B7347,O,OR,TAR,
"Montclair Department of Utilities, 54 Watchung Ave",MW-9,9/26/2018,z,Water,0,0,ft,0,Y,MW-9,JC74642-3,,,CW,,,z,,,JC74642,,,,TOT,,NQ,,,,Terphenyl-d14,1718-51-0,,0,SW846 8270D BY SIM,59,%,v,z,z,y,,,,,,,,11.17,,1,n,TOT,,SW846 3510C,OP15553A,,10/12/2018,10/2/2018,10/12/2018,9/26/2018,ACTD,,SJ24103980,OP15553A,O,OR,SUR,
"Montclair Department of Utilities, 54 Watchung Ave",MW-9,9/26/2018,z,Water,0,0,ft,0,Y,MW-9,JC74642-3,,,CW,,,z,,,JC74642,,,,TOT,,NQ,,,,"1,4-Dioxane",123-91-1,,0,SW846 8270D BY SIM,1.12,ug/l,v,z,z,y,0.11,RL,0.054,MDL,,,,2.26,,1,n,TOT,,SW846 3510C,OP15553A,,10/12/2018,10/2/2018,10/12/2018,9/26/2018,ACTD,,SJ24103980,OP15553A,O,OR,TAR,
"Montclair Department of Utilities, 54 Watchung Ave",MW-9,9/26/2018,z,Water,0,0,ft,0,Y,MW-9,JC74642-3,,,CW,,,z,,,JC74642,,,,TOT,,NQ,,,,Nitrobenzene-d5,4165-60-0,,0,SW846 8270D BY SIM,92,%,v,z,z,y,,,,,,,,5.71,,1,n,TOT,,SW846 3510C,OP15553A,,10/12/2018,10/2/2018,10/12/2018,9/26/2018,ACTD,,SJ24103980,OP15553A,O,OR,SUR,
"Montclair Department of Utilities, 54 Watchung Ave",MW-9,9/26/2018,z,Water,0,0,ft,0,Y,MW-9,JC74642-3,,,CW,,,z,,,JC74642,,,,TOT,,NQ,,,,2-Fluorobiphenyl,321-60-8,,0,SW846 8270D BY SIM,68,%,v,z,z,y,,,,,,,,7.47,,1,n,TOT,,SW846 3510C,OP15553A,,10/12/2018,10/2/2018,10/12/2018,9/26/2018,ACTD,,SJ24103980,OP15553A,O,OR,SUR,
"Montclair Department of Utilities, 54 Watchung Ave",MW-9,9/26/2018,z,Water,0,0,ft,0,N,MW-9,JC74642-3,,,CW,,,z,,,JC74642,,,,TOT,,NQ,,,,"Total TIC, Volatile",,,0,SW846 8260C,0,ug/l,v,z,z,y,,,,,,,,,,1,n,TOT,,,MS29572,,9/28/2018,,10/12/2018,9/26/2018,ACTD,,SJ24058490,V2B7347,O,OR,TIC,
"Montclair Department of Utilities, 54 Watchung Ave",MW-9,9/26/2018,z,Water,0,0,ft,0,N,MW-9,JC74642-3,,,CW,,,z,,,JC74642,,,,TOT,,NQ,,,,Total Alkanes,,,0,SW846 8260C,6.8,ug/l,vj,z,z,y,,,,,,,,,,1,n,TOT,,,MS29572,,9/28/2018,,10/12/2018,9/26/2018,ACTD,,SJ24058490,V2B7347,O,OR,TIC,
"Montclair Department of Utilities, 54 Watchung Ave",MW-9,9/26/2018,z,Water,0,0,ft,0,Y,MW-9,JC74642-3,,,CW,,,z,,,JC74642,,,,TOT,,NQ,,,,Ethylene dibromide,106-93-4,,0,SW846-8011,0.02,ug/l,u,z,z,n,0.02,RL,0.0052,MDL,,,,,,1,n,TOT,,SW846 8011,OP15605,,10/4/2018,10/4/2018,10/12/2018,9/26/2018,ACTD,,SJ24095009,OP15605,O,OR,TAR,
"Montclair Department of Utilities, 54 Watchung Ave",MW-9,9/26/2018,z,Water,0,0,ft,0,Y,MW-9,JC74642-3,,,CW,,,z,,,JC74642,,,,TOT,,NQ,,,,2-Bromo-1-chloropropane,3017-95-6,,0,SW846-8011,128,%,v,z,z,y,,,,,,,,2.52,,1,n,TOT,,SW846 8011,OP15605,,10/4/2018,10/4/2018,10/12/2018,9/26/2018,ACTD,,SJ24095009,OP15605,O,1C,SUR,
"Montclair Department of Utilities, 54 Watchung Ave",MW-9,9/26/2018,z,Water,0,0,ft,0,Y,MW-9,JC74642-3,,,CW,,,z,,,JC74642,,,,TOT,,NQ,,,,2-Bromo-1-chloropropane,3017-95-6,,0,SW846-8011,142,%,v,z,z,y,,,,,,,,2.93,,1,n,TOT,,SW846 8011,OP15605,,10/4/2018,10/4/2018,10/12/2018,9/26/2018,ACTD,,SJ24095009,OP15605,O,2C,SUR,
"Montclair Department of Utilities, 54 Watchung Ave",MW-9,9/26/2018,z,Water,0,0,ft,0,Y,MW-9,JC74642-3,,,CW,,,z,,,JC74642,,,,TOT,,NQ,,,,"1,2-Dibromo-3-chloropropane",96-12-8,,0,SW846-8011,0.02,ug/l,u,z,z,n,0.02,RL,0.0085,MDL,,,,,,1,n,TOT,,SW846 8011,OP15605,,10/4/2018,10/4/2018,10/12/2018,9/26/2018,ACTD,,SJ24095009,OP15605,O,OR,TAR,
"Montclair Department of Utilities, 54 Watchung Ave",MW-9,9/26/2018,z,Water,0,0,ft,0,N,MW-9,JC74642-3,,,CW,,,z,,,JC74642,,,,TOT,,NQ,,,,Chloroethane,75-00-3,,0,SW846 8260C,1,ug/l,u,z,z,n,1,RL,0.73,MDL,,,,,,1,n,TOT,,,MS29572,,9/28/2018,,10/12/2018,9/26/2018,ACTD,,SJ24058489,V2B7347,O,OR,TAR,
"Montclair Department of Utilities, 54 Watchung Ave",MW-9,9/26/2018,z,Water,0,0,ft,0,N,MW-9,JC74642-3,,,CW,,,z,,,JC74642,,,,TOT,,NQ,,,,Trichlorofluoromethane,75-69-4,,0,SW846 8260C,2,ug/l,u,z,z,n,2,RL,0.84,MDL,,,,,,1,n,TOT,,,MS29572,,9/28/2018,,10/12/2018,9/26/2018,ACTD,,SJ24058489,V2B7347,O,OR,TAR,
"Montclair Department of Utilities, 54 Watchung Ave",MW-9,9/26/2018,z,Water,0,0,ft,0,N,MW-9,JC74642-3,,,CW,,,z,,,JC74642,,,,TOT,,NQ,,,,"1,1-Dichloroethene",75-35-4,,0,SW846 8260C,0.78,ug/l,vj,z,z,y,1,RL,0.59,MDL,,,,7.55,,1,n,TOT,,,MS29572,,9/28/2018,,10/12/2018,9/26/2018,ACTD,,SJ24058489,V2B7347,O,OR,TAR,
"Montclair Department of Utilities, 54 Watchung Ave",MW-9,9/26/2018,z,Water,0,0,ft,0,N,MW-9,JC74642-3,,,CW,,,z,,,JC74642,,,,TOT,,NQ,,,,"1,1-Dichloroethane",75-34-3,,0,SW846 8260C,1,ug/l,u,z,z,n,1,RL,0.57,MDL,,,,,,1,n,TOT,,,MS29572,,9/28/2018,,10/12/2018,9/26/2018,ACTD,,SJ24058489,V2B7347,O,OR,TAR,
"Montclair Department of Utilities, 54 Watchung Ave",MW-9,9/26/2018,z,Water,0,0,ft,0,N,MW-9,JC74642-3,,,CW,,,z,,,JC74642,,,,TOT,,NQ,,,,Bromodichloromethane,75-27-4,,0,SW846 8260C,1,ug/l,u,z,z,n,1,RL,0.58,MDL,,,,,,1,n,TOT,,,MS29572,,9/28/2018,,10/12/2018,9/26/2018,ACTD,,SJ24058489,V2B7347,O,OR,TAR,
"Montclair Department of Utilities, 54 Watchung Ave",MW-9,9/26/2018,z,Water,0,0,ft,0,N,MW-9,JC74642-3,,,CW,,,z,,,JC74642,,,,TOT,,NQ,,,,Bromoform,75-25-2,,0,SW846 8260C,1,ug/l,u,z,z,n,1,RL,0.63,MDL,,,,,,1,n,TOT,,,MS29572,,9/28/2018,,10/12/2018,9/26/2018,ACTD,,SJ24058489,V2B7347,O,OR,TAR,
"Montclair Department of Utilities, 54 Watchung Ave",MW-9,9/26/2018,z,Water,0,0,ft,0,N,MW-9,JC74642-3,,,CW,,,z,,,JC74642,,,,TOT,,NQ,,,,Carbon disulfide,75-15-0,,0,SW846 8260C,2,ug/l,u,z,z,n,2,RL,0.95,MDL,,,,,,1,n,TOT,,,MS29572,,9/28/2018,,10/12/2018,9/26/2018,ACTD,,SJ24058489,V2B7347,O,OR,TAR,
"Montclair Department of Utilities, 54 Watchung Ave",MW-9,9/26/2018,z,Water,0,0,ft,0,N,MW-9,JC74642-3,,,CW,,,z,,,JC74642,,,,TOT,,NQ,,,,Dichlorodifluoromethane,75-71-8,,0,SW846 8260C,2,ug/l,u,z,z,n,2,RL,1.4,MDL,,,,,,1,n,TOT,,,MS29572,,9/28/2018,,10/12/2018,9/26/2018,ACTD,,SJ24058489,V2B7347,O,OR,TAR,
"Montclair Department of Utilities, 54 Watchung Ave",MW-9,9/26/2018,z,Water,0,0,ft,0,N,MW-9,JC74642-3,,,CW,,,z,,,JC74642,,,,TOT,,NQ,,,,Vinyl chloride,75-01-4,,0,SW846 8260C,1,ug/l,u,z,z,n,1,RL,0.79,MDL,,,,,,1,n,TOT,,,MS29572,,9/28/2018,,10/12/2018,9/26/2018,ACTD,,SJ24058489,V2B7347,O,OR,TAR,
"Montclair Department of Utilities, 54 Watchung Ave",MW-9,9/26/2018,z,Water,0,0,ft,0,N,MW-9,JC74642-3,,,CW,,,z,,,JC74642,,,,TOT,,NQ,,,,Bromochloromethane,74-97-5,,0,SW846 8260C,1,ug/l,u,z,z,n,1,RL,0.48,MDL,,,,,,1,n,TOT,,,MS29572,,9/28/2018,,10/12/2018,9/26/2018,ACTD,,SJ24058489,V2B7347,O,OR,TAR,
"Montclair Department of Utilities, 54 Watchung Ave",MW-9,9/26/2018,z,Water,0,0,ft,0,N,MW-9,JC74642-3,,,CW,,,z,,,JC74642,,,,TOT,,NQ,,,,Chloromethane,74-87-3,,0,SW846 8260C,1,ug/l,u,z,z,n,1,RL,0.76,MDL,,,,,,1,n,TOT,,,MS29572,,9/28/2018,,10/12/2018,9/26/2018,ACTD,,SJ24058489,V2B7347,O,OR,TAR,
"Montclair Department of Utilities, 54 Watchung Ave",MW-9,9/26/2018,z,Water,0,0,ft,0,N,MW-9,JC74642-3,,,CW,,,z,,,JC74642,,,,TOT,,NQ,,,,Bromomethane,74-83-9,,0,SW846 8260C,2,ug/l,u,z,z,n,2,RL,1.6,MDL,,,,,,1,n,TOT,,,MS29572,,9/28/2018,,10/12/2018,9/26/2018,ACTD,,SJ24058489,V2B7347,O,OR,TAR,
"Montclair Department of Utilities, 54 Watchung Ave",MW-9,9/26/2018,z,Water,0,0,ft,0,N,MW-9,JC74642-3,,,CW,,,z,,,JC74642,,,,TOT,,NQ,,,,Methylene chloride,75-09-2,,0,SW846 8260C,2,ug/l,u,z,z,n,2,RL,1,MDL,,,,,,1,n,TOT,,,MS29572,,9/28/2018,,10/12/2018,9/26/2018,ACTD,,SJ24058489,V2B7347,O,OR,TAR,
"Montclair Department of Utilities, 54 Watchung Ave",MW-9,9/26/2018,z,Water,0,0,ft,0,N,MW-9,JC74642-3,,,CW,,,z,,,JC74642,,,,TOT,,NQ,,,,"1,1,2-Trichlorotrifluoroethane",76-13-1,,0,SW846 8260C,5,ug/l,u,z,z,n,5,RL,1.9,MDL,,,,,,1,n,TOT,,,MS29572,,9/28/2018,,10/12/2018,9/26/2018,ACTD,,SJ24058489,V2B7347,O,OR,TAR,
"Montclair Department of Utilities, 54 Watchung Ave",MW-9,9/26/2018,z,Water,0,0,ft,0,N,MW-9,JC74642-3,,,CW,,,z,,,JC74642,,,,TOT,,NQ,,,,Methyl ethyl ketone,78-93-3,,0,SW846 8260C,10,ug/l,u,z,z,n,10,RL,6.9,MDL,,,,,,1,n,TOT,,,MS29572,,9/28/2018,,10/12/2018,9/26/2018,ACTD,,SJ24058489,V2B7347,O,OR,TAR,
"Montclair Department of Utilities, 54 Watchung Ave",MW-9,9/26/2018,z,Water,0,0,ft,0,N,MW-9,JC74642-3,,,CW,,,z,,,JC74642,,,,TOT,,NQ,,,,Toluene,108-88-3,,0,SW846 8260C,1,ug/l,u,z,z,n,1,RL,0.53,MDL,,,,,,1,n,TOT,,,MS29572,,9/28/2018,,10/12/2018,9/26/2018,ACTD,,SJ24058489,V2B7347,O,OR,TAR,
"Montclair Department of Utilities, 54 Watchung Ave",MW-9,9/26/2018,z,Water,0,0,ft,0,N,MW-9,JC74642-3,,,CW,,,z,,,JC74642,,,,TOT,,NQ,,,,"1,1,2-Trichloroethane",79-00-5,,0,SW846 8260C,1,ug/l,u,z,z,n,1,RL,0.53,MDL,,,,,,1,n,TOT,,,MS29572,,9/28/2018,,10/12/2018,9/26/2018,ACTD,,SJ24058489,V2B7347,O,OR,TAR,
"Montclair Department of Utilities, 54 Watchung Ave",MW-9,9/26/2018,z,Water,0,0,ft,0,N,MW-9,JC74642-3,,,CW,,,z,,,JC74642,,,,TOT,,NQ,,,,Trichloroethene,79-01-6,,0,SW846 8260C,0.95,ug/l,vj,z,z,y,1,RL,0.53,MDL,,,,12.05,,1,n,TOT,,,MS29572,,9/28/2018,,10/12/2018,9/26/2018,ACTD,,SJ24058489,V2B7347,O,OR,TAR,
"Montclair Department of Utilities, 54 Watchung Ave",MW-9,9/26/2018,z,Water,0,0,ft,0,N,MW-9,JC74642-3,,,CW,,,z,,,JC74642,,,,TOT,,NQ,,,,Methyl Acetate,79-20-9,,0,SW846 8260C,5,ug/l,u,z,z,n,5,RL,0.8,MDL,,,,,,1,n,TOT,,,MS29572,,9/28/2018,,10/12/2018,9/26/2018,ACTD,,SJ24058489,V2B7347,O,OR,TAR,
"Montclair Department of Utilities, 54 Watchung Ave",MW-9,9/26/2018,z,Water,0,0,ft,0,N,MW-9,JC74642-3,,,CW,,,z,,,JC74642,,,,TOT,,NQ,,,,"1,1,2,2-Tetrachloroethane",79-34-5,,0,SW846 8260C,1,ug/l,u,z,z,n,1,RL,0.65,MDL,,,,,,1,n,TOT,,,MS29572,,9/28/2018,,10/12/2018,9/26/2018,ACTD,,SJ24058489,V2B7347,O,OR,TAR,
"Montclair Department of Utilities, 54 Watchung Ave",MW-9,9/26/2018,z,Water,0,0,ft,0,N,MW-9,JC74642-3,,,CW,,,z,,,JC74642,,,,TOT,,NQ,,,,"1,2,3-Trichlorobenzene",87-61-6,,0,SW846 8260C,1,ug/l,u,z,z,n,1,RL,0.5,MDL,,,,,,1,n,TOT,,,MS29572,,9/28/2018,,10/12/2018,9/26/2018,ACTD,,SJ24058489,V2B7347,O,OR,TAR,
"Montclair Department of Utilities, 54 Watchung Ave",MW-9,9/26/2018,z,Water,0,0,ft,0,N,MW-9,JC74642-3,,,CW,,,z,,,JC74642,,,,TOT,,NQ,,,,o-Xylene,95-47-6,,0,SW846 8260C,1,ug/l,u,z,z,n,1,RL,0.59,MDL,,,,,,1,n,TOT,,,MS29572,,9/28/2018,,10/12/2018,9/26/2018,ACTD,,SJ24058489,V2B7347,O,OR,TAR,
"Montclair Department of Utilities, 54 Watchung Ave",MW-9,9/26/2018,z,Water,0,0,ft,0,N,MW-9,JC74642-3,,,CW,,,z,,,JC74642,,,,TOT,,NQ,,,,"1,2-Dichlorobenzene (VOA)",95-50-1,,0,SW846 8260C,1,ug/l,u,z,z,n,1,RL,0.53,MDL,,,,,,1,n,TOT,,,MS29572,,9/28/2018,,10/12/2018,9/26/2018,ACTD,,SJ24058489,V2B7347,O,OR,TAR,
"Montclair Department of Utilities, 54 Watchung Ave",MW-9,9/26/2018,z,Water,0,0,ft,0,N,MW-9,JC74642-3,,,CW,,,z,,,JC74642,,,,TOT,,NQ,,,,Isopropyl benzene,98-82-8,,0,SW846 8260C,1,ug/l,u,z,z,n,1,RL,0.65,MDL,,,,,,1,n,TOT,,,MS29572,,9/28/2018,,10/12/2018,9/26/2018,ACTD,,SJ24058489,V2B7347,O,OR,TAR,
"Montclair Department of Utilities, 54 Watchung Ave",MW-9,9/26/2018,z,Water,0,0,ft,0,N,MW-9,JC74642-3,,,CW,,,z,,,JC74642,,,,TOT,,NQ,,,,m&p-Xylenes,,,0,SW846 8260C,1,ug/l,u,z,z,n,1,RL,0.78,MDL,,,,,,1,n,TOT,,,MS29572,,9/28/2018,,10/12/2018,9/26/2018,ACTD,,SJ24058489,V2B7347,O,OR,TAR,
"Montclair Department of Utilities, 54 Watchung Ave",MW-9,9/26/2018,z,Water,0,0,ft,0,N,MW-9,JC74642-3,,,CW,,,z,,,JC74642,,,,TOT,,NQ,,,,"1,1,1-Trichloroethane",71-55-6,,0,SW846 8260C,1,ug/l,u,z,z,n,1,RL,0.54,MDL,,,,,,1,n,TOT,,,MS29572,,9/28/2018,,10/12/2018,9/26/2018,ACTD,,SJ24058489,V2B7347,O,OR,TAR,
"Montclair Department of Utilities, 54 Watchung Ave",MW-9,9/26/2018,z,Water,0,0,ft,0,N,MW-9,JC74642-3,,,CW,,,z,,,JC74642,,,,TOT,,NQ,,,,"1,2-Dichloropropane",78-87-5,,0,SW846 8260C,1,ug/l,u,z,z,n,1,RL,0.51,MDL,,,,,,1,n,TOT,,,MS29572,,9/28/2018,,10/12/2018,9/26/2018,ACTD,,SJ24058489,V2B7347,O,OR,TAR,
"Montclair Department of Utilities, 54 Watchung Ave",MW-9,9/26/2018,z,Water,0,0,ft,0,N,MW-9,JC74642-3,,,CW,,,z,,,JC74642,,,,TOT,,NQ,,,,Dibromochloromethane,124-48-1,,0,SW846 8260C,1,ug/l,u,z,z,n,1,RL,0.56,MDL,,,,,,1,n,TOT,,,MS29572,,9/28/2018,,10/12/2018,9/26/2018,ACTD,,SJ24058489,V2B7347,O,OR,TAR,
"Montclair Department of Utilities, 54 Watchung Ave",MW-9,9/26/2018,z,Water,0,0,ft,0,N,MW-9,JC74642-3,,,CW,,,z,,,JC74642,,,,TOT,,NQ,,,,Ethyl benzene,100-41-4,,0,SW846 8260C,1,ug/l,u,z,z,n,1,RL,0.6,MDL,,,,,,1,n,TOT,,,MS29572,,9/28/2018,,10/12/2018,9/26/2018,ACTD,,SJ24058489,V2B7347,O,OR,TAR,
"Montclair Department of Utilities, 54 Watchung Ave",MW-9,9/26/2018,z,Water,0,0,ft,0,N,MW-9,JC74642-3,,,CW,,,z,,,JC74642,,,,TOT,,NQ,,,,Styrene,100-42-5,,0,SW846 8260C,1,ug/l,u,z,z,n,1,RL,0.7,MDL,,,,,,1,n,TOT,,,MS29572,,9/28/2018,,10/12/2018,9/26/2018,ACTD,,SJ24058489,V2B7347,O,OR,TAR,
"Montclair Department of Utilities, 54 Watchung Ave",MW-9,9/26/2018,z,Water,0,0,ft,0,N,MW-9,JC74642-3,,,CW,,,z,,,JC74642,,,,TOT,,NQ,,,,"cis-1,3-Dichloropropene",10061-01-5,,0,SW846 8260C,1,ug/l,u,z,z,n,1,RL,0.47,MDL,,,,,,1,n,TOT,,,MS29572,,9/28/2018,,10/12/2018,9/26/2018,ACTD,,SJ24058489,V2B7347,O,OR,TAR,
"Montclair Department of Utilities, 54 Watchung Ave",MW-9,9/26/2018,z,Water,0,0,ft,0,N,MW-9,JC74642-3,,,CW,,,z,,,JC74642,,,,TOT,,NQ,,,,"trans-1,3-Dichloropropene",10061-02-6,,0,SW846 8260C,1,ug/l,u,z,z,n,1,RL,0.43,MDL,,,,,,1,n,TOT,,,MS29572,,9/28/2018,,10/12/2018,9/26/2018,ACTD,,SJ24058489,V2B7347,O,OR,TAR,
"Montclair Department of Utilities, 54 Watchung Ave",MW-9,9/26/2018,z,Water,0,0,ft,0,N,MW-9,JC74642-3,,,CW,,,z,,,JC74642,,,,TOT,,NQ,,,,"1,4-Dichlorobenzene (VOA)",106-46-7,,0,SW846 8260C,1,ug/l,u,z,z,n,1,RL,0.51,MDL,,,,,,1,n,TOT,,,MS29572,,9/28/2018,,10/12/2018,9/26/2018,ACTD,,SJ24058489,V2B7347,O,OR,TAR,
"Montclair Department of Utilities, 54 Watchung Ave",MW-9,9/26/2018,z,Water,0,0,ft,0,N,MW-9,JC74642-3,,,CW,,,z,,,JC74642,,,,TOT,,NQ,,,,"1,2-Dichloroethane",107-06-2,,0,SW846 8260C,1,ug/l,u,z,z,n,1,RL,0.6,MDL,,,,,,1,n,TOT,,,MS29572,,9/28/2018,,10/12/2018,9/26/2018,ACTD,,SJ24058489,V2B7347,O,OR,TAR,
"Montclair Department of Utilities, 54 Watchung Ave",MW-9,9/26/2018,z,Water,0,0,ft,0,N,MW-9,JC74642-3,,,CW,,,z,,,JC74642,,,,TOT,,NQ,,,,4-Methyl-2-pentanone,108-10-1,,0,SW846 8260C,5,ug/l,u,z,z,n,5,RL,1.9,MDL,,,,,,1,n,TOT,,,MS29572,,9/28/2018,,10/12/2018,9/26/2018,ACTD,,SJ24058489,V2B7347,O,OR,TAR,
"Montclair Department of Utilities, 54 Watchung Ave",MW-9,9/26/2018,z,Water,0,0,ft,0,N,MW-9,JC74642-3,,,CW,,,z,,,JC74642,,,,TOT,,NQ,,,,"Cyclohexane, Methyl-",108-87-2,,0,SW846 8260C,5,ug/l,u,z,z,n,5,RL,0.6,MDL,,,,,,1,n,TOT,,,MS29572,,9/28/2018,,10/12/2018,9/26/2018,ACTD,,SJ24058489,V2B7347,O,OR,TAR,
"Montclair Department of Utilities, 54 Watchung Ave",MW-9,9/26/2018,z,Water,0,0,ft,0,N,MW-9,JC74642-3,,,CW,,,z,,,JC74642,,,,TOT,,NQ,,,,Cyclohexane,110-82-7,,0,SW846 8260C,1.2,ug/l,vj,z,z,y,5,RL,0.78,MDL,,,,10.95,,1,n,TOT,,,MS29572,,9/28/2018,,10/12/2018,9/26/2018,ACTD,,SJ24058489,V2B7347,O,OR,TAR,
"Montclair Department of Utilities, 54 Watchung Ave",MW-9,9/26/2018,z,Water,0,0,ft,0,N,MW-9,JC74642-3,,,CW,,,z,,,JC74642,,,,TOT,,NQ,,,,"1,2,4-Trichlorobenzene (VOA)",120-82-1,,0,SW846 8260C,1,ug/l,u,z,z,n,1,RL,0.5,MDL,,,,,,1,n,TOT,,,MS29572,,9/28/2018,,10/12/2018,9/26/2018,ACTD,,SJ24058489,V2B7347,O,OR,TAR,
"Montclair Department of Utilities, 54 Watchung Ave",MW-9,9/26/2018,z,Water,0,0,ft,0,N,MW-9,JC74642-3,,,CW,,,z,,,JC74642,,,,TOT,,NQ,,,,Benzene,71-43-2,,0,SW846 8260C,4.3,ug/l,v,z,z,y,0.5,RL,0.43,MDL,,,,11.3,,1,n,TOT,,,MS29572,,9/28/2018,,10/12/2018,9/26/2018,ACTD,,SJ24058489,V2B7347,O,OR,TAR,
"Montclair Department of Utilities, 54 Watchung Ave",MW-9,9/26/2018,z,Water,0,0,ft,0,N,MW-9,JC74642-3,,,CW,,,z,,,JC74642,,,,TOT,,NQ,,,,Tetrachloroethene,127-18-4,,0,SW846 8260C,9.5,ug/l,v,z,z,y,1,RL,0.9,MDL,,,,14.13,,1,n,TOT,,,MS29572,,9/28/2018,,10/12/2018,9/26/2018,ACTD,,SJ24058489,V2B7347,O,OR,TAR,
"Montclair Department of Utilities, 54 Watchung Ave",MW-9,9/26/2018,z,Water,0,0,ft,0,N,MW-9,JC74642-3,,,CW,,,z,,,JC74642,,,,TOT,,NQ,,,,"1,3-Dichlorobenzene (VOA)",541-73-1,,0,SW846 8260C,1,ug/l,u,z,z,n,1,RL,0.54,MDL,,,,,,1,n,TOT,,,MS29572,,9/28/2018,,10/12/2018,9/26/2018,ACTD,,SJ24058489,V2B7347,O,OR,TAR,
"Montclair Department of Utilities, 54 Watchung Ave",MW-9,9/26/2018,z,Water,0,0,ft,0,N,MW-9,JC74642-3,,,CW,,,z,,,JC74642,,,,TOT,,NQ,,,,Chloroform,67-66-3,,0,SW846 8260C,1,ug/l,u,z,z,n,1,RL,0.5,MDL,,,,,,1,n,TOT,,,MS29572,,9/28/2018,,10/12/2018,9/26/2018,ACTD,,SJ24058489,V2B7347,O,OR,TAR,
"Montclair Department of Utilities, 54 Watchung Ave",MW-9,9/26/2018,z,Water,0,0,ft,0,N,MW-9,JC74642-3,,,CW,,,z,,,JC74642,,,,TOT,,NQ,,,,Acetone,67-64-1,,0,SW846 8260C,10,ug/l,u,z,z,n,10,RL,6,MDL,,,,,,1,n,TOT,,,MS29572,,9/28/2018,,10/12/2018,9/26/2018,ACTD,,SJ24058489,V2B7347,O,OR,TAR,
"Montclair Department of Utilities, 54 Watchung Ave",MW-9,9/26/2018,z,Water,0,0,ft,0,N,MW-9,JC74642-3,,,CW,,,z,,,JC74642,,,,TOT,,NQ,,,,Chlorobenzene,108-90-7,,0,SW846 8260C,1,ug/l,u,z,z,n,1,RL,0.56,MDL,,,,,,1,n,TOT,,,MS29572,,9/28/2018,,10/12/2018,9/26/2018,ACTD,,SJ24058489,V2B7347,O,OR,TAR,
"Montclair Department of Utilities, 54 Watchung Ave",MW-9,9/26/2018,z,Water,0,0,ft,0,N,MW-9,JC74642-3,,,CW,,,z,,,JC74642,,,,TOT,,NQ,,,,Carbon tetrachloride,56-23-5,,0,SW846 8260C,1,ug/l,u,z,z,n,1,RL,0.55,MDL,,,,,,1,n,TOT,,,MS29572,,9/28/2018,,10/12/2018,9/26/2018,ACTD,,SJ24058489,V2B7347,O,OR,TAR,
"Montclair Department of Utilities, 54 Watchung Ave",MW-9,9/26/2018,z,Water,0,0,ft,0,N,MW-9,JC74642-3,,,CW,,,z,,,JC74642,,,,TOT,,NQ,,,,Xylenes (Total),1330-20-7,,0,SW846 8260C,1,ug/l,u,z,z,n,1,RL,0.59,MDL,,,,,,1,n,TOT,,,MS29572,,9/28/2018,,10/12/2018,9/26/2018,ACTD,,SJ24058489,V2B7347,O,OR,TAR,
"Montclair Department of Utilities, 54 Watchung Ave",MW-9,9/26/2018,z,Water,0,0,ft,0,N,MW-9,JC74642-3,,,CW,,,z,,,JC74642,,,,TOT,,NQ,,,,Bromofluorobenzene,460-00-4,,0,SW846 8260C,100,%,v,z,z,y,,,,,,,,16.26,,1,n,TOT,,,MS29572,,9/28/2018,,10/12/2018,9/26/2018,ACTD,,SJ24058489,V2B7347,O,OR,SUR,
"Montclair Department of Utilities, 54 Watchung Ave",MW-9,9/26/2018,z,Water,0,0,ft,0,N,MW-9,JC74642-3,,,CW,,,z,,,JC74642,,,,TOT,,NQ,,,,Toluene-D8,2037-26-5,,0,SW846 8260C,101,%,v,z,z,y,,,,,,,,13.42,,1,n,TOT,,,MS29572,,9/28/2018,,10/12/2018,9/26/2018,ACTD,,SJ24058489,V2B7347,O,OR,SUR,
"Montclair Department of Utilities, 54 Watchung Ave",MW-9,9/26/2018,z,Water,0,0,ft,0,N,MW-9,JC74642-3,,,CW,,,z,,,JC74642,,,,TOT,,NQ,,,,Dibromofluoromethane,1868-53-7,,0,SW846 8260C,113,%,v,z,z,y,,,,,,,,10.74,,1,n,TOT,,,MS29572,,9/28/2018,,10/12/2018,9/26/2018,ACTD,,SJ24058489,V2B7347,O,OR,SUR,
"Montclair Department of Utilities, 54 Watchung Ave",MW-9,9/26/2018,z,Water,0,0,ft,0,N,MW-9,JC74642-3,,,CW,,,z,,,JC74642,,,,TOT,,NQ,,,,"1,2-Dichloroethane-D4",17060-07-0,,0,SW846 8260C,105,%,v,z,z,y,,,,,,,,11.19,,1,n,TOT,,,MS29572,,9/28/2018,,10/12/2018,9/26/2018,ACTD,,SJ24058489,V2B7347,O,OR,SUR,
"Montclair Department of Utilities, 54 Watchung Ave",MW-9,9/26/2018,z,Water,0,0,ft,0,N,MW-9,JC74642-3,,,CW,,,z,,,JC74642,,,,TOT,,NQ,,,,Methyl tert-butyl ether,1634-04-4,,0,SW846 8260C,1,ug/l,u,z,z,n,1,RL,0.51,MDL,,,,,,1,n,TOT,,,MS29572,,9/28/2018,,10/12/2018,9/26/2018,ACTD,,SJ24058489,V2B7347,O,OR,TAR,
"Montclair Department of Utilities, 54 Watchung Ave",MW-9,9/26/2018,z,Water,0,0,ft,0,N,MW-9,JC74642-3,,,CW,,,z,,,JC74642,,,,TOT,,NQ,,,,"trans-1,2-Dichloroethene",156-60-5,,0,SW846 8260C,1,ug/l,u,z,z,n,1,RL,0.54,MDL,,,,,,1,n,TOT,,,MS29572,,9/28/2018,,10/12/2018,9/26/2018,ACTD,,SJ24058489,V2B7347,O,OR,TAR,
"Montclair Department of Utilities, 54 Watchung Ave",MW-9,9/26/2018,z,Water,0,0,ft,0,N,MW-9,JC74642-3,,,CW,,,z,,,JC74642,,,,TOT,,NQ,,,,"cis-1,2-Dichloroethene",156-59-2,,0,SW846 8260C,2.5,ug/l,v,z,z,y,1,RL,0.51,MDL,,,,10.15,,1,n,TOT,,,MS29572,,9/28/2018,,10/12/2018,9/26/2018,ACTD,,SJ24058489,V2B7347,O,OR,TAR,
"Montclair Department of Utilities, 54 Watchung Ave",MW-9,9/26/2018,z,Water,0,0,ft,0,N,MW-9,JC74642-3,,,CW,,,z,,,JC74642,,,,TOT,,NQ,,,,2-Hexanone,591-78-6,,0,SW846 8260C,5,ug/l,u,z,z,n,5,RL,2,MDL,,,,,,1,n,TOT,,,MS29572,,9/28/2018,,10/12/2018,9/26/2018,ACTD,,SJ24058489,V2B7347,O,OR,TAR,
"Montclair Department of Utilities, 54 Watchung Ave",MW-3,9/26/2018,z,Water,0,0,ft,0,,MW-3,OP15605-MS,,,CW,,,,,,JC74642,,,,TOT,,MS,,,,2-Bromo-1-chloropropane,3017-95-6,,0,SW846-8011,103,%,v,z,z,y,,,,,,,10,2.93,,1,n,TOT,,SW846 8011,,,10/4/2018,10/4/2018,10/12/2018,,ACTD,,SJ24095005,OP15605,O,2C,SUR,
"Montclair Department of Utilities, 54 Watchung Ave",MW-3,9/26/2018,z,Water,0,0,ft,0,,MW-3,OP15605-MS,,,CW,,,,,,JC74642,,,,TOT,,MS,,,,"1,2-Dibromo-3-chloropropane",96-12-8,,0,SW846-8011,130,%,v,z,z,y,,,,,,,0.504,5.75,,1,n,TOT,,SW846 8011,,,10/4/2018,10/4/2018,10/12/2018,,ACTD,,SJ24095005,OP15605,O,OR,TAR,
"Montclair Department of Utilities, 54 Watchung Ave",MW-3,9/26/2018,z,Water,0,0,ft,0,,MW-3,OP15605-MS,,,CW,,,,,,JC74642,,,,TOT,,MS,,,,Ethylene dibromide,106-93-4,,0,SW846-8011,140,%,v,z,z,y,,,,,,,0.504,2.69,,1,n,TOT,,SW846 8011,,,10/4/2018,10/4/2018,10/12/2018,,ACTD,,SJ24095005,OP15605,O,OR,TAR,
"Montclair Department of Utilities, 54 Watchung Ave",MW-3,9/26/2018,z,Water,0,0,ft,0,,MW-3,OP15605-MS,,,CW,,,,,,JC74642,,,,TOT,,MS,,,,2-Bromo-1-chloropropane,3017-95-6,,0,SW846-8011,113,%,v,z,z,y,,,,,,,10,2.52,,1,n,TOT,,SW846 8011,,,10/4/2018,10/4/2018,10/12/2018,,ACTD,,SJ24095005,OP15605,O,1C,SUR,
"Montclair Department of Utilities, 54 Watchung Ave",MW-3,9/26/2018,z,Water,0,0,ft,0,,MW-3,OP15605-MS,,,CW,,,,,,JC74642,,,,TOT,,MS,,,,2-Bromo-1-chloropropane,3017-95-6,,0,SW846-8011,113,%,v,z,z,y,,,,,,,10,2.52,,1,n,TOT,,SW846 8011,,,10/4/2018,10/4/2018,10/12/2018,,ACTD,,SJ24095005,OP15605,O,1C,SUR,
"Montclair Department of Utilities, 54 Watchung Ave",MW-3,9/26/2018,z,Water,0,0,ft,0,,MW-3,OP15605-MS,,,CW,,,,,,JC74642,,,,TOT,,MS,,,,2-Bromo-1-chloropropane,3017-95-6,,0,SW846-8011,103,%,v,z,z,y,,,,,,,10,2.93,,1,n,TOT,,SW846 8011,,,10/4/2018,10/4/2018,10/12/2018,,ACTD,,SJ24095005,OP15605,O,2C,SUR,
